timestamp,asset_id,temperature,vibration,pressure,humidity,power,health_index
2026-06-01 06:00,FURNACE-01,700.87,3.07,3.1,27.6,883.36,0.814
2026-06-01 07:00,FURNACE-01,650.39,2.3,3.26,31.5,846.66,0.814
2026-06-01 08:00,FURNACE-01,704.56,2.56,3.36,23.5,884.95,0.815
2026-06-01 09:00,FURNACE-01,648.44,1.2,2.87,24.3,899.47,0.815
2026-06-01 10:00,FURNACE-01,712.9,1.87,3.38,24.0,853.8,0.815
2026-06-01 11:00,FURNACE-01,684.43,2.5,3.37,30.6,874.4,0.816
2026-06-01 12:00,FURNACE-01,712.29,2.67,2.86,25.1,835.5,0.816
2026-06-01 13:00,FURNACE-01,707.74,2.32,3.91,24.7,805.66,0.816
2026-06-01 14:00,FURNACE-01,715.62,3.11,3.26,31.3,925.17,0.816
2026-06-01 15:00,FURNACE-01,690.01,1.77,2.89,31.8,789.24,0.817
2026-06-01 16:00,FURNACE-01,693.7,2.56,2.97,30.9,885.0,0.817
2026-06-01 17:00,FURNACE-01,761.26,2.73,2.87,25.8,818.11,0.817
2026-06-01 18:00,FURNACE-01,720.68,2.17,3.06,31.0,823.18,0.818
2026-06-01 19:00,FURNACE-01,683.77,1.57,2.7,25.7,876.99,0.818
2026-06-01 20:00,FURNACE-01,727.62,2.43,3.17,28.7,908.55,0.818
2026-06-01 21:00,FURNACE-01,718.66,2.56,2.72,31.6,875.22,0.819
2026-06-01 22:00,FURNACE-01,728.42,2.42,3.77,26.6,932.41,0.819
2026-06-01 23:00,FURNACE-01,695.5,2.19,2.68,27.4,924.32,0.819
2026-06-02 00:00,FURNACE-01,716.11,2.76,2.24,30.8,883.27,0.819
2026-06-02 01:00,FURNACE-01,675.7,2.14,3.08,34.9,807.15,0.82
2026-06-02 02:00,FURNACE-01,679.22,3.07,2.92,26.5,861.52,0.82
2026-06-02 03:00,FURNACE-01,655.14,2.54,2.65,31.5,856.99,0.82
2026-06-02 04:00,FURNACE-01,758.99,2.56,3.56,22.8,851.01,0.821
2026-06-02 05:00,FURNACE-01,701.11,3.25,2.49,32.0,884.61,0.821
2026-06-02 06:00,FURNACE-01,736.69,2.77,3.1,25.9,797.8,0.821
2026-06-02 07:00,FURNACE-01,697.17,2.34,3.79,25.6,871.7,0.822
2026-06-02 08:00,FURNACE-01,645.11,2.24,3.17,31.3,924.78,0.822
2026-06-02 09:00,FURNACE-01,689.94,1.9,3.24,30.1,879.63,0.822
2026-06-02 10:00,FURNACE-01,670.53,2.96,3.11,30.8,916.42,0.822
2026-06-02 11:00,FURNACE-01,708.99,2.56,3.84,29.0,842.41,0.823
2026-06-02 12:00,FURNACE-01,694.27,3.12,3.12,30.1,912.58,0.823
2026-06-02 13:00,FURNACE-01,675.8,1.61,3.19,28.9,827.61,0.823
2026-06-02 14:00,FURNACE-01,716.42,2.71,2.73,30.1,846.93,0.824
2026-06-02 15:00,FURNACE-01,647.11,2.64,3.06,25.0,880.7,0.824
2026-06-02 16:00,FURNACE-01,704.98,2.15,3.22,32.1,822.52,0.824
2026-06-02 17:00,FURNACE-01,701.74,2.42,3.88,20.6,888.67,0.825
2026-06-02 18:00,FURNACE-01,681.46,2.37,3.75,28.0,961.26,0.825
2026-06-02 19:00,FURNACE-01,677.38,2.58,2.91,25.2,858.79,0.825
2026-06-02 20:00,FURNACE-01,681.99,2.51,2.34,36.0,847.95,0.825
2026-06-02 21:00,FURNACE-01,741.37,1.95,3.18,40.7,814.88,0.826
2026-06-02 22:00,FURNACE-01,646.22,2.16,3.24,30.8,916.27,0.826
2026-06-02 23:00,FURNACE-01,682.48,1.66,2.92,33.0,877.47,0.826
2026-06-03 00:00,FURNACE-01,632.53,2.4,3.57,36.5,881.91,0.827
2026-06-03 01:00,FURNACE-01,698.92,1.83,2.78,28.2,879.1,0.827
2026-06-03 02:00,FURNACE-01,706.78,2.19,2.67,24.9,801.15,0.827
2026-06-03 03:00,FURNACE-01,708.54,1.33,2.96,29.8,926.74,0.828
2026-06-03 04:00,FURNACE-01,691.68,2.88,2.94,25.0,823.68,0.828
2026-06-03 05:00,FURNACE-01,734.25,2.88,3.25,41.3,853.72,0.828
2026-06-03 06:00,FURNACE-01,707.59,2.56,3.0,37.3,925.78,0.828
2026-06-03 07:00,FURNACE-01,648.35,2.22,3.23,31.1,791.94,0.829
2026-06-03 08:00,FURNACE-01,623.22,1.52,3.05,27.6,871.23,0.829
2026-06-03 09:00,FURNACE-01,666.64,1.84,2.37,29.3,872.32,0.829
2026-06-03 10:00,FURNACE-01,718.13,2.78,3.01,33.4,848.55,0.83
2026-06-03 11:00,FURNACE-01,669.66,2.16,2.87,19.3,862.19,0.83
2026-06-03 12:00,FURNACE-01,696.21,2.24,2.83,29.5,935.14,0.83
2026-06-03 13:00,FURNACE-01,689.93,2.17,2.87,27.7,795.58,0.831
2026-06-03 14:00,FURNACE-01,685.07,2.43,3.72,31.8,903.05,0.831
2026-06-03 15:00,FURNACE-01,667.81,2.72,2.68,29.2,874.2,0.831
2026-06-03 16:00,FURNACE-01,666.17,3.34,3.27,20.4,880.41,0.831
2026-06-03 17:00,FURNACE-01,676.57,2.4,3.24,29.6,759.21,0.832
2026-06-03 18:00,FURNACE-01,654.56,2.76,3.53,35.6,938.68,0.832
2026-06-03 19:00,FURNACE-01,628.29,2.76,2.4,34.5,866.21,0.832
2026-06-03 20:00,FURNACE-01,654.91,3.34,3.3,20.4,868.02,0.833
2026-06-03 21:00,FURNACE-01,666.79,2.45,2.91,33.5,787.81,0.833
2026-06-03 22:00,FURNACE-01,697.3,3.25,2.79,28.8,863.62,0.833
2026-06-03 23:00,FURNACE-01,667.84,2.7,3.11,24.2,936.35,0.834
2026-06-04 00:00,FURNACE-01,710.95,2.32,2.85,24.9,911.49,0.834
2026-06-04 01:00,FURNACE-01,683.51,2.61,3.01,30.5,848.6,0.834
2026-06-04 02:00,FURNACE-01,709.95,2.31,3.36,30.7,848.51,0.834
2026-06-04 03:00,FURNACE-01,662.56,1.96,2.82,24.1,894.24,0.835
2026-06-04 04:00,FURNACE-01,686.16,3.13,3.87,28.1,781.69,0.835
2026-06-04 05:00,FURNACE-01,676.33,2.36,2.55,27.0,867.13,0.835
2026-06-04 06:00,FURNACE-01,673.97,2.04,2.81,35.1,846.27,0.836
2026-06-04 07:00,FURNACE-01,663.11,2.22,3.41,25.3,876.08,0.836
2026-06-04 08:00,FURNACE-01,708.35,2.74,3.56,25.8,906.31,0.836
2026-06-04 09:00,FURNACE-01,664.03,2.21,3.49,31.3,853.62,0.837
2026-06-04 10:00,FURNACE-01,652.36,2.65,2.85,24.3,823.3,0.837
2026-06-04 11:00,FURNACE-01,694.08,1.4,3.2,28.7,826.2,0.837
2026-06-04 12:00,FURNACE-01,716.97,2.67,2.86,25.3,885.66,0.837
2026-06-04 13:00,FURNACE-01,642.69,2.23,2.85,28.3,863.09,0.838
2026-06-04 14:00,FURNACE-01,687.72,2.92,3.15,26.7,796.93,0.838
2026-06-04 15:00,FURNACE-01,707.53,2.63,3.58,25.0,854.38,0.838
2026-06-04 16:00,FURNACE-01,684.78,2.35,3.08,21.1,891.41,0.839
2026-06-04 17:00,FURNACE-01,705.36,2.91,3.86,26.7,851.35,0.839
2026-06-04 18:00,FURNACE-01,686.59,3.29,2.47,29.9,784.67,0.839
2026-06-04 19:00,FURNACE-01,611.33,1.45,2.59,32.3,812.59,0.84
2026-06-04 20:00,FURNACE-01,679.54,1.84,3.28,23.6,913.99,0.84
2026-06-04 21:00,FURNACE-01,657.25,2.03,3.11,28.1,918.88,0.84
2026-06-04 22:00,FURNACE-01,689.46,1.82,2.88,25.7,886.35,0.84
2026-06-04 23:00,FURNACE-01,697.0,2.33,3.37,25.9,846.34,0.841
2026-06-05 00:00,FURNACE-01,691.03,3.09,3.04,26.6,804.11,0.841
2026-06-05 01:00,FURNACE-01,705.58,2.11,3.19,20.4,900.88,0.841
2026-06-05 02:00,FURNACE-01,647.05,2.02,3.44,22.7,848.79,0.842
2026-06-05 03:00,FURNACE-01,687.68,1.92,3.54,34.0,761.08,0.842
2026-06-05 04:00,FURNACE-01,643.51,2.75,2.62,26.4,858.35,0.842
2026-06-05 05:00,FURNACE-01,705.38,2.27,3.1,24.9,912.12,0.843
2026-06-05 06:00,FURNACE-01,670.94,2.53,2.89,28.4,844.44,0.843
2026-06-05 07:00,FURNACE-01,680.49,1.91,3.35,33.7,863.42,0.843
2026-06-05 08:00,FURNACE-01,706.28,2.76,3.39,29.2,861.92,0.843
2026-06-05 09:00,FURNACE-01,709.99,2.41,2.73,28.1,764.7,0.844
2026-06-05 10:00,FURNACE-01,684.76,2.57,3.5,28.6,894.9,0.844
2026-06-05 11:00,FURNACE-01,684.83,1.9,2.58,24.1,788.76,0.844
2026-06-05 12:00,FURNACE-01,703.06,2.28,3.27,28.3,900.11,0.845
2026-06-05 13:00,FURNACE-01,715.28,2.07,2.97,25.9,776.88,0.845
2026-06-05 14:00,FURNACE-01,704.08,2.92,3.07,26.0,902.13,0.845
2026-06-05 15:00,FURNACE-01,616.81,2.45,3.12,25.7,915.94,0.846
2026-06-05 16:00,FURNACE-01,712.42,2.25,3.04,26.4,827.97,0.846
2026-06-05 17:00,FURNACE-01,646.58,3.01,3.43,31.2,801.04,0.846
2026-06-05 18:00,FURNACE-01,744.25,3.28,3.13,24.4,811.51,0.846
2026-06-05 19:00,FURNACE-01,696.22,1.95,3.06,32.4,781.91,0.847
2026-06-05 20:00,FURNACE-01,741.88,3.09,2.64,22.3,838.29,0.847
2026-06-05 21:00,FURNACE-01,654.26,2.24,2.18,27.1,934.43,0.847
2026-06-05 22:00,FURNACE-01,651.72,2.24,2.55,30.6,840.86,0.848
2026-06-05 23:00,FURNACE-01,739.7,2.46,2.94,30.2,827.85,0.848
2026-06-06 00:00,FURNACE-01,645.15,2.5,3.01,28.7,868.42,0.848
2026-06-06 01:00,FURNACE-01,668.94,2.56,3.67,23.6,931.08,0.849
2026-06-06 02:00,FURNACE-01,676.56,2.01,3.91,28.6,914.1,0.849
2026-06-06 03:00,FURNACE-01,706.98,1.59,3.11,25.9,789.16,0.849
2026-06-06 04:00,FURNACE-01,632.41,2.41,3.27,29.6,836.8,0.849
2026-06-06 05:00,FURNACE-01,660.32,1.91,2.88,23.9,841.46,0.85
2026-06-01 06:00,LADLE-02,667.94,1.84,2.97,25.0,840.14,0.901
2026-06-01 07:00,LADLE-02,682.46,2.32,3.2,21.4,823.66,0.901
2026-06-01 08:00,LADLE-02,676.08,2.52,2.52,28.6,893.3,0.901
2026-06-01 09:00,LADLE-02,663.53,2.2,3.19,29.0,869.89,0.901
2026-06-01 10:00,LADLE-02,670.37,2.3,2.79,27.3,895.27,0.901
2026-06-01 11:00,LADLE-02,662.73,2.16,2.88,31.1,802.62,0.902
2026-06-01 12:00,LADLE-02,693.29,1.82,2.7,28.8,845.86,0.902
2026-06-01 13:00,LADLE-02,676.42,2.7,2.91,29.8,800.14,0.902
2026-06-01 14:00,LADLE-02,702.76,2.51,3.22,28.8,805.57,0.902
2026-06-01 15:00,LADLE-02,659.17,2.45,3.04,28.5,780.33,0.902
2026-06-01 16:00,LADLE-02,673.08,1.93,2.69,27.4,758.5,0.902
2026-06-01 17:00,LADLE-02,687.23,2.61,3.03,24.0,798.48,0.903
2026-06-01 18:00,LADLE-02,663.87,1.17,3.1,30.7,826.25,0.903
2026-06-01 19:00,LADLE-02,654.41,2.31,3.16,32.4,840.72,0.903
2026-06-01 20:00,LADLE-02,649.01,2.03,3.1,34.2,825.82,0.903
2026-06-01 21:00,LADLE-02,639.02,1.85,2.35,29.3,780.12,0.903
2026-06-01 22:00,LADLE-02,634.01,1.37,2.68,30.3,782.29,0.903
2026-06-01 23:00,LADLE-02,619.83,2.31,2.93,29.7,872.26,0.904
2026-06-02 00:00,LADLE-02,667.51,1.66,3.0,30.0,814.18,0.904
2026-06-02 01:00,LADLE-02,628.3,2.71,2.91,26.4,840.41,0.904
2026-06-02 02:00,LADLE-02,695.88,2.35,2.93,30.7,933.81,0.904
2026-06-02 03:00,LADLE-02,705.62,2.52,2.67,43.0,787.11,0.904
2026-06-02 04:00,LADLE-02,657.37,1.92,3.58,29.7,777.07,0.904
2026-06-02 05:00,LADLE-02,674.84,2.47,2.94,23.1,807.81,0.904
2026-06-02 06:00,LADLE-02,655.5,2.24,2.87,30.9,797.93,0.905
2026-06-02 07:00,LADLE-02,620.01,1.9,3.49,25.7,942.06,0.905
2026-06-02 08:00,LADLE-02,680.83,1.72,2.77,29.0,787.9,0.905
2026-06-02 09:00,LADLE-02,732.32,1.79,3.27,33.8,834.67,0.905
2026-06-02 10:00,LADLE-02,640.02,2.11,3.16,31.5,841.9,0.905
2026-06-02 11:00,LADLE-02,628.92,2.25,2.82,19.3,808.84,0.905
2026-06-02 12:00,LADLE-02,628.0,2.48,3.68,35.4,814.26,0.906
2026-06-02 13:00,LADLE-02,654.36,2.53,3.39,26.3,833.08,0.906
2026-06-02 14:00,LADLE-02,727.46,2.18,2.88,28.5,864.66,0.906
2026-06-02 15:00,LADLE-02,639.11,2.12,2.66,26.9,921.38,0.906
2026-06-02 16:00,LADLE-02,687.28,2.18,2.74,26.8,885.19,0.906
2026-06-02 17:00,LADLE-02,651.6,2.86,2.59,26.8,915.42,0.906
2026-06-02 18:00,LADLE-02,612.02,2.74,2.43,27.6,831.61,0.907
2026-06-02 19:00,LADLE-02,689.39,0.84,2.41,25.7,840.74,0.907
2026-06-02 20:00,LADLE-02,642.41,2.13,2.65,26.4,802.06,0.907
2026-06-02 21:00,LADLE-02,673.44,2.48,3.51,25.4,825.15,0.907
2026-06-02 22:00,LADLE-02,668.03,2.09,3.02,21.8,855.27,0.907
2026-06-02 23:00,LADLE-02,641.68,1.8,2.52,32.6,832.85,0.907
2026-06-03 00:00,LADLE-02,698.03,2.34,2.48,23.7,872.08,0.908
2026-06-03 01:00,LADLE-02,645.68,1.75,2.98,27.3,794.71,0.908
2026-06-03 02:00,LADLE-02,657.64,2.01,2.19,30.0,803.45,0.908
2026-06-03 03:00,LADLE-02,702.11,1.72,2.52,32.8,769.62,0.908
2026-06-03 04:00,LADLE-02,649.08,2.48,2.93,21.4,847.04,0.908
2026-06-03 05:00,LADLE-02,661.1,2.78,3.23,40.1,766.92,0.908
2026-06-03 06:00,LADLE-02,665.77,1.75,3.42,31.3,871.68,0.908
2026-06-03 07:00,LADLE-02,645.1,1.89,2.38,34.8,860.91,0.909
2026-06-03 08:00,LADLE-02,659.15,2.63,3.29,31.9,767.83,0.909
2026-06-03 09:00,LADLE-02,646.75,2.3,3.16,31.8,794.64,0.909
2026-06-03 10:00,LADLE-02,669.64,3.18,3.27,31.5,837.79,0.909
2026-06-03 11:00,LADLE-02,687.06,3.0,3.08,32.9,800.42,0.909
2026-06-03 12:00,LADLE-02,682.17,2.61,2.79,32.4,809.11,0.909
2026-06-03 13:00,LADLE-02,644.08,2.22,3.67,29.2,879.35,0.91
2026-06-03 14:00,LADLE-02,646.04,2.25,2.66,25.7,874.94,0.91
2026-06-03 15:00,LADLE-02,664.9,2.85,2.97,27.2,894.13,0.91
2026-06-03 16:00,LADLE-02,648.22,1.55,3.47,29.7,744.04,0.91
2026-06-03 17:00,LADLE-02,667.06,2.04,3.61,25.1,813.08,0.91
2026-06-03 18:00,LADLE-02,641.01,1.76,2.81,22.3,793.42,0.91
2026-06-03 19:00,LADLE-02,622.0,1.56,2.53,25.9,808.54,0.911
2026-06-03 20:00,LADLE-02,632.31,2.42,3.02,26.3,818.09,0.911
2026-06-03 21:00,LADLE-02,709.04,2.32,3.2,17.7,809.79,0.911
2026-06-03 22:00,LADLE-02,606.52,2.03,3.16,25.3,860.83,0.911
2026-06-03 23:00,LADLE-02,637.74,2.46,2.53,27.0,856.49,0.911
2026-06-04 00:00,LADLE-02,680.11,2.16,3.67,26.3,818.53,0.911
2026-06-04 01:00,LADLE-02,590.39,2.98,2.92,23.3,895.65,0.912
2026-06-04 02:00,LADLE-02,699.05,2.26,2.57,29.7,811.05,0.912
2026-06-04 03:00,LADLE-02,633.54,2.67,2.34,30.3,858.07,0.912
2026-06-04 04:00,LADLE-02,721.13,2.35,2.37,24.7,840.85,0.912
2026-06-04 05:00,LADLE-02,674.97,2.64,2.4,26.7,880.21,0.912
2026-06-04 06:00,LADLE-02,707.24,3.02,2.91,32.4,912.45,0.912
2026-06-04 07:00,LADLE-02,697.78,2.52,3.31,24.8,774.99,0.912
2026-06-04 08:00,LADLE-02,691.88,2.06,3.03,25.7,820.82,0.913
2026-06-04 09:00,LADLE-02,671.44,1.76,3.06,29.0,834.51,0.913
2026-06-04 10:00,LADLE-02,644.86,2.55,3.65,25.6,891.52,0.913
2026-06-04 11:00,LADLE-02,689.18,1.06,2.79,25.5,871.8,0.913
2026-06-04 12:00,LADLE-02,670.1,2.41,3.25,24.4,805.33,0.913
2026-06-04 13:00,LADLE-02,631.71,2.13,3.0,28.7,806.13,0.913
2026-06-04 14:00,LADLE-02,689.5,2.61,3.54,30.8,845.77,0.914
2026-06-04 15:00,LADLE-02,683.1,2.47,2.83,33.2,912.35,0.914
2026-06-04 16:00,LADLE-02,718.47,2.22,3.14,29.7,837.54,0.914
2026-06-04 17:00,LADLE-02,681.56,2.15,2.98,35.0,844.77,0.914
2026-06-04 18:00,LADLE-02,666.52,2.59,3.09,29.2,834.82,0.914
2026-06-04 19:00,LADLE-02,631.53,2.19,2.67,28.8,786.25,0.914
2026-06-04 20:00,LADLE-02,689.48,2.53,3.13,27.6,855.59,0.915
2026-06-04 21:00,LADLE-02,611.25,1.73,2.99,29.4,834.04,0.915
2026-06-04 22:00,LADLE-02,637.26,2.26,2.89,23.7,851.75,0.915
2026-06-04 23:00,LADLE-02,658.77,2.72,3.25,30.9,851.38,0.915
2026-06-05 00:00,LADLE-02,641.5,1.8,2.56,39.5,790.54,0.915
2026-06-05 01:00,LADLE-02,658.69,2.05,2.95,25.7,756.29,0.915
2026-06-05 02:00,LADLE-02,637.27,1.6,3.0,25.3,807.51,0.916
2026-06-05 03:00,LADLE-02,670.14,1.95,3.34,26.5,847.05,0.916
2026-06-05 04:00,LADLE-02,628.32,2.49,2.91,29.6,851.56,0.916
2026-06-05 05:00,LADLE-02,659.49,2.3,2.91,33.4,877.73,0.916
2026-06-05 06:00,LADLE-02,677.22,1.69,2.68,25.3,826.57,0.916
2026-06-05 07:00,LADLE-02,676.24,1.81,3.42,28.0,749.91,0.916
2026-06-05 08:00,LADLE-02,651.18,1.08,2.79,25.8,810.67,0.916
2026-06-05 09:00,LADLE-02,655.2,2.03,2.84,34.0,889.74,0.917
2026-06-05 10:00,LADLE-02,633.04,2.74,2.51,24.7,903.14,0.917
2026-06-05 11:00,LADLE-02,603.28,2.45,2.63,27.4,829.22,0.917
2026-06-05 12:00,LADLE-02,709.82,1.85,3.01,30.5,826.08,0.917
2026-06-05 13:00,LADLE-02,641.57,2.17,3.07,31.5,796.12,0.917
2026-06-05 14:00,LADLE-02,651.62,2.34,2.98,27.3,836.19,0.917
2026-06-05 15:00,LADLE-02,644.9,1.85,3.18,23.6,887.35,0.918
2026-06-05 16:00,LADLE-02,669.56,1.64,3.13,28.7,869.85,0.918
2026-06-05 17:00,LADLE-02,694.99,2.04,2.81,25.6,794.36,0.918
2026-06-05 18:00,LADLE-02,643.4,2.32,3.04,26.0,804.84,0.918
2026-06-05 19:00,LADLE-02,672.96,1.98,2.7,27.4,825.32,0.918
2026-06-05 20:00,LADLE-02,634.57,2.55,3.31,28.2,842.4,0.918
2026-06-05 21:00,LADLE-02,677.71,2.18,3.33,34.6,840.18,0.919
2026-06-05 22:00,LADLE-02,675.31,2.57,2.93,23.5,875.85,0.919
2026-06-05 23:00,LADLE-02,620.96,2.97,3.32,28.8,838.84,0.919
2026-06-06 00:00,LADLE-02,710.65,1.79,2.66,25.6,825.28,0.919
2026-06-06 01:00,LADLE-02,636.08,2.26,3.08,24.7,905.87,0.919
2026-06-06 02:00,LADLE-02,625.62,1.64,3.16,27.2,854.59,0.919
2026-06-06 03:00,LADLE-02,646.46,1.75,2.83,25.3,859.19,0.92
2026-06-06 04:00,LADLE-02,650.17,2.52,3.23,32.2,875.39,0.92
2026-06-06 05:00,LADLE-02,684.27,2.53,2.87,27.0,757.36,0.92
2026-06-01 06:00,CONV-BELT-03,81.93,6.7,1.53,48.2,104.49,0.05
2026-06-01 07:00,CONV-BELT-03,66.65,7.08,1.17,46.0,109.09,0.05
2026-06-01 08:00,CONV-BELT-03,79.06,5.51,0.53,49.3,105.58,0.05
2026-06-01 09:00,CONV-BELT-03,71.96,5.83,0.82,42.6,126.53,0.05
2026-06-01 10:00,CONV-BELT-03,90.01,8.02,1.27,49.5,162.25,0.05
2026-06-01 11:00,CONV-BELT-03,83.32,7.01,1.77,55.6,151.58,0.05
2026-06-01 12:00,CONV-BELT-03,99.23,8.57,1.7,38.5,110.07,0.05
2026-06-01 13:00,CONV-BELT-03,77.93,5.54,1.14,50.2,120.56,0.05
2026-06-01 14:00,CONV-BELT-03,84.75,5.91,1.18,51.1,141.0,0.05
2026-06-01 15:00,CONV-BELT-03,81.91,9.48,1.88,39.7,166.96,0.05
2026-06-01 16:00,CONV-BELT-03,71.31,7.47,1.38,51.4,109.7,0.05
2026-06-01 17:00,CONV-BELT-03,83.8,8.1,1.69,43.7,159.6,0.05
2026-06-01 18:00,CONV-BELT-03,70.19,8.83,1.51,36.6,145.67,0.05
2026-06-01 19:00,CONV-BELT-03,80.61,7.07,1.08,43.6,102.38,0.05
2026-06-01 20:00,CONV-BELT-03,98.29,6.17,1.11,51.9,149.81,0.05
2026-06-01 21:00,CONV-BELT-03,86.94,9.26,1.25,38.7,155.88,0.05
2026-06-01 22:00,CONV-BELT-03,87.83,7.11,0.88,52.4,149.6,0.05
2026-06-01 23:00,CONV-BELT-03,62.44,8.4,0.81,42.1,109.84,0.05
2026-06-02 00:00,CONV-BELT-03,71.05,6.52,1.13,49.3,143.02,0.05
2026-06-02 01:00,CONV-BELT-03,85.87,8.77,1.23,45.5,148.72,0.05
2026-06-02 02:00,CONV-BELT-03,98.48,8.54,1.91,51.1,160.87,0.05
2026-06-02 03:00,CONV-BELT-03,57.63,8.52,1.45,45.3,123.79,0.05
2026-06-02 04:00,CONV-BELT-03,73.54,7.98,1.7,36.0,141.23,0.05
2026-06-02 05:00,CONV-BELT-03,71.95,6.38,1.52,43.0,120.7,0.05
2026-06-02 06:00,CONV-BELT-03,69.51,7.82,1.37,38.5,116.45,0.05
2026-06-02 07:00,CONV-BELT-03,76.38,7.96,0.96,47.9,116.84,0.05
2026-06-02 08:00,CONV-BELT-03,110.43,6.39,1.06,46.2,115.01,0.05
2026-06-02 09:00,CONV-BELT-03,88.2,9.6,1.22,46.0,124.01,0.05
2026-06-02 10:00,CONV-BELT-03,78.51,9.17,1.72,39.6,172.3,0.05
2026-06-02 11:00,CONV-BELT-03,92.11,8.06,1.11,45.4,117.51,0.05
2026-06-02 12:00,CONV-BELT-03,83.98,7.12,0.5,50.6,140.61,0.05
2026-06-02 13:00,CONV-BELT-03,91.13,7.33,1.44,51.7,145.2,0.05
2026-06-02 14:00,CONV-BELT-03,81.88,11.25,1.31,46.0,176.7,0.05
2026-06-02 15:00,CONV-BELT-03,69.09,6.27,0.81,48.2,150.76,0.05
2026-06-02 16:00,CONV-BELT-03,87.19,5.91,1.76,52.2,133.85,0.05
2026-06-02 17:00,CONV-BELT-03,78.89,8.28,1.51,48.9,110.71,0.05
2026-06-02 18:00,CONV-BELT-03,76.47,6.07,1.62,48.2,133.81,0.05
2026-06-02 19:00,CONV-BELT-03,81.99,5.67,1.71,42.2,139.14,0.05
2026-06-02 20:00,CONV-BELT-03,91.56,6.6,1.84,45.7,136.78,0.05
2026-06-02 21:00,CONV-BELT-03,85.02,6.03,1.6,45.4,160.37,0.05
2026-06-02 22:00,CONV-BELT-03,75.98,7.06,1.52,44.6,108.65,0.05
2026-06-02 23:00,CONV-BELT-03,76.23,8.97,1.33,39.8,152.86,0.05
2026-06-03 00:00,CONV-BELT-03,56.8,5.0,1.37,46.1,141.22,0.052
2026-06-03 01:00,CONV-BELT-03,67.99,7.3,0.83,46.3,98.3,0.054
2026-06-03 02:00,CONV-BELT-03,76.64,7.77,0.69,41.9,154.37,0.055
2026-06-03 03:00,CONV-BELT-03,96.4,5.71,1.5,37.6,104.57,0.057
2026-06-03 04:00,CONV-BELT-03,96.89,8.23,1.06,46.3,150.84,0.059
2026-06-03 05:00,CONV-BELT-03,80.37,10.06,1.6,27.0,129.09,0.06
2026-06-03 06:00,CONV-BELT-03,69.65,7.2,1.37,41.1,110.57,0.062
2026-06-03 07:00,CONV-BELT-03,94.02,8.13,1.11,49.1,151.44,0.064
2026-06-03 08:00,CONV-BELT-03,92.85,6.2,1.67,41.4,162.52,0.065
2026-06-03 09:00,CONV-BELT-03,75.86,4.78,1.38,34.3,130.62,0.067
2026-06-03 10:00,CONV-BELT-03,77.38,6.95,0.79,38.3,116.04,0.068
2026-06-03 11:00,CONV-BELT-03,75.14,8.9,1.64,42.2,165.07,0.07
2026-06-03 12:00,CONV-BELT-03,62.15,8.19,1.3,46.4,150.3,0.072
2026-06-03 13:00,CONV-BELT-03,70.08,8.32,1.36,59.5,128.45,0.073
2026-06-03 14:00,CONV-BELT-03,92.55,8.13,0.91,53.2,110.94,0.075
2026-06-03 15:00,CONV-BELT-03,52.1,8.36,1.78,45.3,129.37,0.077
2026-06-03 16:00,CONV-BELT-03,96.07,8.19,1.11,49.4,106.68,0.078
2026-06-03 17:00,CONV-BELT-03,71.33,6.15,0.52,37.9,163.46,0.08
2026-06-03 18:00,CONV-BELT-03,65.09,6.72,0.92,50.2,135.28,0.082
2026-06-03 19:00,CONV-BELT-03,83.33,7.23,0.92,39.2,154.47,0.083
2026-06-03 20:00,CONV-BELT-03,76.99,8.23,0.15,51.7,123.81,0.085
2026-06-03 21:00,CONV-BELT-03,102.55,6.75,1.38,49.0,115.01,0.087
2026-06-03 22:00,CONV-BELT-03,87.58,6.59,1.86,49.8,146.45,0.088
2026-06-03 23:00,CONV-BELT-03,69.23,7.08,1.48,32.8,122.38,0.09
2026-06-04 00:00,CONV-BELT-03,88.23,5.86,1.85,41.2,142.39,0.091
2026-06-04 01:00,CONV-BELT-03,64.32,7.86,1.54,51.8,165.93,0.093
2026-06-04 02:00,CONV-BELT-03,91.74,7.54,0.9,52.9,105.08,0.095
2026-06-04 03:00,CONV-BELT-03,72.35,8.14,1.53,54.6,134.76,0.096
2026-06-04 04:00,CONV-BELT-03,58.04,6.97,1.43,42.9,167.04,0.098
2026-06-04 05:00,CONV-BELT-03,74.46,5.64,1.54,38.1,173.52,0.1
2026-06-04 06:00,CONV-BELT-03,80.32,5.68,1.77,59.2,89.05,0.101
2026-06-04 07:00,CONV-BELT-03,87.48,7.82,1.43,47.1,145.87,0.103
2026-06-04 08:00,CONV-BELT-03,69.28,8.87,0.85,56.8,169.37,0.105
2026-06-04 09:00,CONV-BELT-03,63.64,7.25,1.9,42.1,130.89,0.106
2026-06-04 10:00,CONV-BELT-03,72.51,8.57,1.13,44.9,146.8,0.108
2026-06-04 11:00,CONV-BELT-03,74.69,6.26,0.85,35.9,107.72,0.109
2026-06-04 12:00,CONV-BELT-03,57.5,6.41,1.47,45.3,115.71,0.111
2026-06-04 13:00,CONV-BELT-03,65.43,6.1,0.84,37.6,150.58,0.113
2026-06-04 14:00,CONV-BELT-03,61.03,7.24,1.13,59.6,93.69,0.114
2026-06-04 15:00,CONV-BELT-03,79.06,6.84,1.07,46.9,137.83,0.116
2026-06-04 16:00,CONV-BELT-03,64.77,7.69,1.51,52.9,120.49,0.118
2026-06-04 17:00,CONV-BELT-03,93.39,6.98,0.62,48.1,132.38,0.119
2026-06-04 18:00,CONV-BELT-03,66.81,8.24,1.18,51.1,132.31,0.121
2026-06-04 19:00,CONV-BELT-03,85.17,7.95,1.54,38.8,154.85,0.123
2026-06-04 20:00,CONV-BELT-03,76.92,9.43,1.54,49.5,116.87,0.124
2026-06-04 21:00,CONV-BELT-03,72.07,7.28,0.92,38.0,131.6,0.126
2026-06-04 22:00,CONV-BELT-03,75.72,7.39,1.78,42.6,149.29,0.128
2026-06-04 23:00,CONV-BELT-03,74.93,6.94,1.45,32.6,135.44,0.129
2026-06-05 00:00,CONV-BELT-03,69.35,6.11,0.65,42.3,91.79,0.131
2026-06-05 01:00,CONV-BELT-03,86.22,6.88,0.73,41.0,150.78,0.132
2026-06-05 02:00,CONV-BELT-03,69.77,6.82,1.22,44.2,95.75,0.134
2026-06-05 03:00,CONV-BELT-03,75.88,6.51,2.46,43.7,123.57,0.136
2026-06-05 04:00,CONV-BELT-03,87.4,6.95,1.45,39.8,168.48,0.137
2026-06-05 05:00,CONV-BELT-03,69.3,7.54,1.78,43.2,133.67,0.139
2026-06-05 06:00,CONV-BELT-03,82.81,7.87,0.95,46.1,112.54,0.141
2026-06-05 07:00,CONV-BELT-03,67.92,6.38,1.81,54.6,191.67,0.142
2026-06-05 08:00,CONV-BELT-03,75.56,6.16,0.99,54.6,99.28,0.144
2026-06-05 09:00,CONV-BELT-03,72.62,6.46,2.0,38.9,158.01,0.146
2026-06-05 10:00,CONV-BELT-03,90.71,6.9,1.53,35.8,131.49,0.147
2026-06-05 11:00,CONV-BELT-03,73.68,4.21,1.51,47.1,95.79,0.149
2026-06-05 12:00,CONV-BELT-03,60.35,6.24,1.16,43.2,112.1,0.15
2026-06-05 13:00,CONV-BELT-03,64.81,7.4,1.18,44.4,128.22,0.152
2026-06-05 14:00,CONV-BELT-03,81.01,6.88,1.67,45.6,152.97,0.154
2026-06-05 15:00,CONV-BELT-03,89.71,5.43,1.69,55.7,111.7,0.155
2026-06-05 16:00,CONV-BELT-03,75.51,6.65,1.51,48.1,118.38,0.157
2026-06-05 17:00,CONV-BELT-03,90.32,6.09,1.3,51.1,176.3,0.159
2026-06-05 18:00,CONV-BELT-03,70.12,7.89,1.43,35.5,112.0,0.16
2026-06-05 19:00,CONV-BELT-03,62.45,6.46,1.2,45.2,161.23,0.162
2026-06-05 20:00,CONV-BELT-03,80.36,9.94,1.26,49.7,142.13,0.164
2026-06-05 21:00,CONV-BELT-03,92.25,6.59,1.66,54.8,117.09,0.165
2026-06-05 22:00,CONV-BELT-03,74.8,7.55,1.19,39.7,173.23,0.167
2026-06-05 23:00,CONV-BELT-03,73.06,8.9,1.16,43.8,150.39,0.169
2026-06-06 00:00,CONV-BELT-03,73.28,6.0,1.09,46.6,118.19,0.17
2026-06-06 01:00,CONV-BELT-03,76.46,4.5,1.15,43.9,121.53,0.172
2026-06-06 02:00,CONV-BELT-03,64.57,6.0,1.37,53.9,102.08,0.173
2026-06-06 03:00,CONV-BELT-03,72.39,8.03,1.47,44.4,122.82,0.175
2026-06-06 04:00,CONV-BELT-03,75.52,6.85,0.55,40.7,89.98,0.177
2026-06-06 05:00,CONV-BELT-03,89.45,7.85,1.06,49.8,186.12,0.178
2026-06-01 06:00,CONV-BELT-08,58.04,5.88,1.35,43.6,101.32,0.678
2026-06-01 07:00,CONV-BELT-08,58.56,4.54,0.65,48.2,113.75,0.678
2026-06-01 08:00,CONV-BELT-08,66.59,4.52,2.05,35.1,104.04,0.679
2026-06-01 09:00,CONV-BELT-08,68.53,6.72,1.0,56.0,104.29,0.679
2026-06-01 10:00,CONV-BELT-08,73.17,4.91,1.85,55.7,108.55,0.68
2026-06-01 11:00,CONV-BELT-08,86.16,3.95,1.17,55.8,107.16,0.68
2026-06-01 12:00,CONV-BELT-08,57.83,4.94,1.38,47.3,106.97,0.681
2026-06-01 13:00,CONV-BELT-08,64.45,5.34,1.65,47.0,98.94,0.681
2026-06-01 14:00,CONV-BELT-08,63.1,4.35,1.61,34.9,127.61,0.682
2026-06-01 15:00,CONV-BELT-08,54.44,5.84,1.46,46.3,126.72,0.682
2026-06-01 16:00,CONV-BELT-08,60.19,5.37,1.24,49.4,119.65,0.683
2026-06-01 17:00,CONV-BELT-08,43.24,4.42,1.66,53.7,120.36,0.683
2026-06-01 18:00,CONV-BELT-08,61.83,4.56,1.42,48.5,103.23,0.684
2026-06-01 19:00,CONV-BELT-08,68.04,5.8,1.01,43.9,126.0,0.684
2026-06-01 20:00,CONV-BELT-08,68.5,4.49,1.12,42.2,124.75,0.685
2026-06-01 21:00,CONV-BELT-08,66.17,4.81,0.9,38.5,128.7,0.685
2026-06-01 22:00,CONV-BELT-08,53.15,5.0,1.16,41.4,119.06,0.686
2026-06-01 23:00,CONV-BELT-08,75.97,5.04,1.18,36.2,126.7,0.686
2026-06-02 00:00,CONV-BELT-08,71.7,5.29,1.56,47.9,98.07,0.687
2026-06-02 01:00,CONV-BELT-08,62.38,5.23,1.45,42.0,117.6,0.687
2026-06-02 02:00,CONV-BELT-08,65.6,5.81,1.52,48.9,124.82,0.688
2026-06-02 03:00,CONV-BELT-08,54.64,3.94,1.23,51.2,124.79,0.689
2026-06-02 04:00,CONV-BELT-08,67.11,3.62,0.87,51.7,118.01,0.689
2026-06-02 05:00,CONV-BELT-08,52.35,5.5,1.32,62.7,138.19,0.69
2026-06-02 06:00,CONV-BELT-08,65.4,4.68,1.32,44.4,95.91,0.69
2026-06-02 07:00,CONV-BELT-08,69.94,5.02,0.53,41.2,105.49,0.691
2026-06-02 08:00,CONV-BELT-08,70.35,4.76,1.64,35.5,101.6,0.691
2026-06-02 09:00,CONV-BELT-08,71.01,4.28,0.98,41.8,106.55,0.692
2026-06-02 10:00,CONV-BELT-08,66.85,5.67,0.84,43.3,118.69,0.692
2026-06-02 11:00,CONV-BELT-08,63.25,5.44,1.29,41.5,101.01,0.693
2026-06-02 12:00,CONV-BELT-08,48.29,4.5,1.26,50.5,112.51,0.693
2026-06-02 13:00,CONV-BELT-08,80.79,4.73,1.13,47.3,103.21,0.694
2026-06-02 14:00,CONV-BELT-08,64.2,3.17,1.43,45.4,121.71,0.694
2026-06-02 15:00,CONV-BELT-08,63.77,3.78,1.02,54.4,126.14,0.695
2026-06-02 16:00,CONV-BELT-08,57.87,5.11,1.36,56.7,135.76,0.695
2026-06-02 17:00,CONV-BELT-08,65.75,4.43,1.72,44.4,104.74,0.696
2026-06-02 18:00,CONV-BELT-08,52.97,4.1,1.16,49.6,132.64,0.696
2026-06-02 19:00,CONV-BELT-08,71.5,4.89,1.47,58.6,132.57,0.697
2026-06-02 20:00,CONV-BELT-08,75.02,3.59,1.06,40.5,76.48,0.697
2026-06-02 21:00,CONV-BELT-08,63.05,5.86,1.11,46.2,104.96,0.698
2026-06-02 22:00,CONV-BELT-08,58.62,4.99,0.94,52.0,88.32,0.698
2026-06-02 23:00,CONV-BELT-08,64.97,4.38,1.64,49.6,85.74,0.699
2026-06-03 00:00,CONV-BELT-08,43.54,3.98,1.12,43.9,118.74,0.699
2026-06-03 01:00,CONV-BELT-08,67.68,3.69,0.79,46.5,112.62,0.7
2026-06-03 02:00,CONV-BELT-08,61.61,4.26,1.21,53.9,92.92,0.7
2026-06-03 03:00,CONV-BELT-08,52.85,5.26,1.66,43.8,98.54,0.701
2026-06-03 04:00,CONV-BELT-08,46.8,4.96,0.93,58.1,154.69,0.702
2026-06-03 05:00,CONV-BELT-08,64.14,5.13,1.22,51.9,118.15,0.702
2026-06-03 06:00,CONV-BELT-08,62.85,5.81,1.42,57.8,92.7,0.703
2026-06-03 07:00,CONV-BELT-08,58.03,4.04,1.47,42.0,127.54,0.703
2026-06-03 08:00,CONV-BELT-08,53.24,4.67,1.85,54.8,88.93,0.704
2026-06-03 09:00,CONV-BELT-08,65.16,5.39,1.13,38.4,128.43,0.704
2026-06-03 10:00,CONV-BELT-08,63.09,5.17,1.21,59.0,103.92,0.705
2026-06-03 11:00,CONV-BELT-08,58.44,5.14,1.44,36.7,138.27,0.705
2026-06-03 12:00,CONV-BELT-08,50.96,4.74,1.17,40.8,135.7,0.706
2026-06-03 13:00,CONV-BELT-08,44.05,4.17,1.02,50.2,142.15,0.706
2026-06-03 14:00,CONV-BELT-08,68.28,5.81,0.68,46.0,96.6,0.707
2026-06-03 15:00,CONV-BELT-08,59.34,4.92,1.28,53.3,87.36,0.707
2026-06-03 16:00,CONV-BELT-08,55.75,3.58,0.83,51.0,120.87,0.708
2026-06-03 17:00,CONV-BELT-08,74.28,5.64,1.27,39.2,133.4,0.708
2026-06-03 18:00,CONV-BELT-08,56.85,3.79,0.96,45.7,137.62,0.709
2026-06-03 19:00,CONV-BELT-08,62.6,5.67,1.28,42.4,160.14,0.709
2026-06-03 20:00,CONV-BELT-08,76.28,4.87,1.04,35.3,124.19,0.71
2026-06-03 21:00,CONV-BELT-08,60.19,5.08,1.34,47.6,135.64,0.71
2026-06-03 22:00,CONV-BELT-08,64.59,4.15,1.05,48.5,101.37,0.711
2026-06-03 23:00,CONV-BELT-08,67.7,5.26,1.24,40.3,90.47,0.711
2026-06-04 00:00,CONV-BELT-08,53.44,3.45,1.26,42.3,103.69,0.712
2026-06-04 01:00,CONV-BELT-08,68.86,4.81,1.26,48.3,133.92,0.712
2026-06-04 02:00,CONV-BELT-08,49.73,5.25,0.79,40.2,133.53,0.713
2026-06-04 03:00,CONV-BELT-08,67.43,5.22,1.3,53.5,94.09,0.713
2026-06-04 04:00,CONV-BELT-08,59.72,4.74,1.77,51.2,133.89,0.714
2026-06-04 05:00,CONV-BELT-08,56.19,6.43,1.37,39.0,154.03,0.715
2026-06-04 06:00,CONV-BELT-08,51.05,4.03,1.19,39.1,125.97,0.715
2026-06-04 07:00,CONV-BELT-08,64.17,4.78,1.74,35.2,138.88,0.716
2026-06-04 08:00,CONV-BELT-08,55.67,5.82,1.74,58.8,114.87,0.716
2026-06-04 09:00,CONV-BELT-08,53.06,4.94,1.24,34.4,129.12,0.717
2026-06-04 10:00,CONV-BELT-08,54.9,5.8,1.5,43.3,118.34,0.717
2026-06-04 11:00,CONV-BELT-08,60.12,4.33,2.05,39.4,118.62,0.718
2026-06-04 12:00,CONV-BELT-08,69.6,4.39,1.09,37.0,136.09,0.718
2026-06-04 13:00,CONV-BELT-08,67.44,5.04,0.86,48.0,122.12,0.719
2026-06-04 14:00,CONV-BELT-08,59.35,3.62,1.24,39.8,118.95,0.719
2026-06-04 15:00,CONV-BELT-08,62.42,4.42,1.48,44.6,125.84,0.72
2026-06-04 16:00,CONV-BELT-08,65.14,5.45,1.0,42.9,131.85,0.72
2026-06-04 17:00,CONV-BELT-08,63.09,5.54,1.44,42.3,131.2,0.721
2026-06-04 18:00,CONV-BELT-08,59.92,5.4,1.72,51.5,152.8,0.721
2026-06-04 19:00,CONV-BELT-08,49.99,4.25,1.18,42.6,123.36,0.722
2026-06-04 20:00,CONV-BELT-08,59.05,5.51,1.5,47.5,102.12,0.722
2026-06-04 21:00,CONV-BELT-08,66.05,5.18,1.34,45.2,139.08,0.723
2026-06-04 22:00,CONV-BELT-08,57.65,4.38,1.42,48.2,130.67,0.723
2026-06-04 23:00,CONV-BELT-08,59.66,3.65,0.93,42.4,129.73,0.724
2026-06-05 00:00,CONV-BELT-08,67.88,3.27,1.39,44.5,101.63,0.724
2026-06-05 01:00,CONV-BELT-08,78.57,4.86,1.46,60.4,108.67,0.725
2026-06-05 02:00,CONV-BELT-08,58.76,5.79,0.92,45.4,118.26,0.725
2026-06-05 03:00,CONV-BELT-08,69.2,4.96,1.02,50.8,130.46,0.726
2026-06-05 04:00,CONV-BELT-08,53.74,4.12,1.12,38.1,133.79,0.726
2026-06-05 05:00,CONV-BELT-08,59.28,4.43,0.98,42.6,140.19,0.727
2026-06-05 06:00,CONV-BELT-08,67.46,3.41,1.0,48.8,109.89,0.728
2026-06-05 07:00,CONV-BELT-08,57.51,3.99,0.91,45.6,111.67,0.728
2026-06-05 08:00,CONV-BELT-08,70.42,4.59,1.0,49.2,138.0,0.729
2026-06-05 09:00,CONV-BELT-08,56.09,3.34,1.13,36.9,142.49,0.729
2026-06-05 10:00,CONV-BELT-08,51.11,4.39,1.62,50.2,109.61,0.73
2026-06-05 11:00,CONV-BELT-08,55.71,4.5,1.19,54.0,115.06,0.73
2026-06-05 12:00,CONV-BELT-08,51.39,5.38,1.51,43.6,129.17,0.731
2026-06-05 13:00,CONV-BELT-08,62.04,3.71,1.23,38.1,107.74,0.731
2026-06-05 14:00,CONV-BELT-08,54.5,4.88,1.3,37.1,103.38,0.732
2026-06-05 15:00,CONV-BELT-08,61.61,4.98,1.27,31.8,136.94,0.732
2026-06-05 16:00,CONV-BELT-08,75.09,5.83,1.39,49.0,107.4,0.733
2026-06-05 17:00,CONV-BELT-08,63.04,3.76,1.28,36.4,126.23,0.733
2026-06-05 18:00,CONV-BELT-08,58.9,5.2,1.29,42.2,130.14,0.734
2026-06-05 19:00,CONV-BELT-08,52.67,4.41,1.11,49.5,116.16,0.734
2026-06-05 20:00,CONV-BELT-08,63.61,5.01,0.65,39.4,119.05,0.735
2026-06-05 21:00,CONV-BELT-08,69.23,5.05,1.58,43.7,118.81,0.735
2026-06-05 22:00,CONV-BELT-08,57.75,4.28,1.04,41.7,114.38,0.736
2026-06-05 23:00,CONV-BELT-08,56.59,4.63,0.79,47.6,119.94,0.736
2026-06-06 00:00,CONV-BELT-08,64.89,4.25,1.12,50.9,114.89,0.737
2026-06-06 01:00,CONV-BELT-08,76.55,3.54,1.18,38.2,105.3,0.737
2026-06-06 02:00,CONV-BELT-08,55.5,4.24,1.44,38.1,126.45,0.738
2026-06-06 03:00,CONV-BELT-08,50.57,4.29,1.58,47.8,121.31,0.738
2026-06-06 04:00,CONV-BELT-08,66.23,5.03,1.41,53.4,101.46,0.739
2026-06-06 05:00,CONV-BELT-08,60.91,5.08,1.44,48.3,136.93,0.739
2026-06-01 06:00,PUMP-12,77.25,4.19,8.37,40.0,176.19,0.231
2026-06-01 07:00,PUMP-12,83.86,5.0,8.14,44.5,198.97,0.232
2026-06-01 08:00,PUMP-12,90.07,5.4,8.15,28.2,159.7,0.234
2026-06-01 09:00,PUMP-12,82.85,5.01,6.41,43.1,164.7,0.235
2026-06-01 10:00,PUMP-12,85.99,5.48,7.3,35.9,185.44,0.236
2026-06-01 11:00,PUMP-12,98.41,5.84,8.09,39.6,145.5,0.237
2026-06-01 12:00,PUMP-12,77.49,5.23,8.39,45.7,201.68,0.239
2026-06-01 13:00,PUMP-12,72.65,5.47,7.01,38.8,157.84,0.24
2026-06-01 14:00,PUMP-12,88.88,5.32,7.95,32.7,160.62,0.241
2026-06-01 15:00,PUMP-12,128.0,4.57,7.49,42.2,164.41,0.242
2026-06-01 16:00,PUMP-12,104.34,5.28,7.37,49.1,169.42,0.244
2026-06-01 17:00,PUMP-12,77.08,5.03,6.03,41.4,202.66,0.245
2026-06-01 18:00,PUMP-12,85.29,5.91,7.99,41.7,183.8,0.246
2026-06-01 19:00,PUMP-12,97.97,4.72,8.46,39.0,210.21,0.247
2026-06-01 20:00,PUMP-12,105.36,3.34,7.06,38.0,234.91,0.249
2026-06-01 21:00,PUMP-12,77.95,7.71,5.89,41.7,179.87,0.25
2026-06-01 22:00,PUMP-12,89.08,4.82,6.84,30.9,192.8,0.251
2026-06-01 23:00,PUMP-12,64.54,4.17,7.3,39.4,216.83,0.252
2026-06-02 00:00,PUMP-12,66.28,5.68,7.51,38.5,168.81,0.254
2026-06-02 01:00,PUMP-12,81.83,6.08,6.9,44.2,182.64,0.255
2026-06-02 02:00,PUMP-12,103.81,5.32,7.07,31.9,152.43,0.256
2026-06-02 03:00,PUMP-12,87.37,5.1,7.47,36.6,185.78,0.257
2026-06-02 04:00,PUMP-12,75.09,5.55,7.03,49.3,171.69,0.258
2026-06-02 05:00,PUMP-12,96.28,4.37,6.82,35.8,222.49,0.26
2026-06-02 06:00,PUMP-12,87.94,5.4,7.42,34.6,226.16,0.261
2026-06-02 07:00,PUMP-12,99.49,5.25,7.23,43.2,184.94,0.262
2026-06-02 08:00,PUMP-12,80.12,4.85,6.92,37.6,208.47,0.263
2026-06-02 09:00,PUMP-12,78.53,4.9,6.67,32.5,230.02,0.265
2026-06-02 10:00,PUMP-12,88.65,6.02,6.76,47.3,193.14,0.266
2026-06-02 11:00,PUMP-12,100.07,5.25,7.18,37.4,191.33,0.267
2026-06-02 12:00,PUMP-12,85.14,6.55,8.55,40.4,220.93,0.268
2026-06-02 13:00,PUMP-12,49.46,4.85,7.43,44.4,200.2,0.27
2026-06-02 14:00,PUMP-12,81.66,4.85,6.52,49.5,218.27,0.271
2026-06-02 15:00,PUMP-12,98.13,5.25,6.75,42.8,188.48,0.272
2026-06-02 16:00,PUMP-12,80.73,5.22,6.66,35.6,182.79,0.273
2026-06-02 17:00,PUMP-12,65.51,5.75,7.93,36.2,141.72,0.275
2026-06-02 18:00,PUMP-12,86.95,5.44,7.22,33.3,139.37,0.276
2026-06-02 19:00,PUMP-12,102.81,5.04,7.64,39.6,199.6,0.277
2026-06-02 20:00,PUMP-12,66.73,4.84,6.04,34.6,170.56,0.278
2026-06-02 21:00,PUMP-12,60.34,4.82,6.59,34.1,185.39,0.28
2026-06-02 22:00,PUMP-12,81.93,4.5,8.93,43.6,217.69,0.281
2026-06-02 23:00,PUMP-12,78.08,5.98,7.86,34.9,171.14,0.282
2026-06-03 00:00,PUMP-12,117.03,4.86,7.62,38.9,210.08,0.283
2026-06-03 01:00,PUMP-12,70.02,4.34,8.17,41.0,124.86,0.285
2026-06-03 02:00,PUMP-12,82.21,5.04,7.81,41.6,197.37,0.286
2026-06-03 03:00,PUMP-12,82.94,5.44,6.21,35.9,166.62,0.287
2026-06-03 04:00,PUMP-12,65.79,5.87,8.12,43.1,173.03,0.288
2026-06-03 05:00,PUMP-12,75.39,4.81,8.14,42.6,233.04,0.289
2026-06-03 06:00,PUMP-12,70.19,4.99,6.11,32.9,184.39,0.291
2026-06-03 07:00,PUMP-12,77.74,4.74,5.88,41.0,181.05,0.292
2026-06-03 08:00,PUMP-12,92.65,5.64,6.07,42.0,172.94,0.293
2026-06-03 09:00,PUMP-12,99.98,5.15,6.76,38.0,149.82,0.294
2026-06-03 10:00,PUMP-12,96.86,6.97,5.71,38.7,185.35,0.296
2026-06-03 11:00,PUMP-12,74.53,6.2,8.25,38.8,241.04,0.297
2026-06-03 12:00,PUMP-12,81.97,4.95,7.42,36.3,225.17,0.298
2026-06-03 13:00,PUMP-12,88.89,4.85,7.03,35.5,194.72,0.299
2026-06-03 14:00,PUMP-12,66.12,5.15,6.74,42.8,214.55,0.301
2026-06-03 15:00,PUMP-12,90.83,5.04,6.58,38.5,187.5,0.302
2026-06-03 16:00,PUMP-12,87.24,4.66,6.36,40.9,222.46,0.303
2026-06-03 17:00,PUMP-12,103.63,5.81,6.34,47.0,166.32,0.304
2026-06-03 18:00,PUMP-12,72.23,5.5,6.01,44.0,186.41,0.306
2026-06-03 19:00,PUMP-12,86.07,4.43,7.89,42.6,178.5,0.307
2026-06-03 20:00,PUMP-12,92.5,2.87,7.48,39.5,167.5,0.308
2026-06-03 21:00,PUMP-12,83.37,5.54,6.55,39.4,186.58,0.309
2026-06-03 22:00,PUMP-12,85.88,6.15,6.78,46.6,154.53,0.311
2026-06-03 23:00,PUMP-12,84.76,3.66,7.23,43.6,238.76,0.312
2026-06-04 00:00,PUMP-12,81.75,4.48,8.04,40.2,189.97,0.313
2026-06-04 01:00,PUMP-12,91.95,6.03,5.71,40.3,187.01,0.314
2026-06-04 02:00,PUMP-12,68.49,3.73,7.11,37.7,169.07,0.316
2026-06-04 03:00,PUMP-12,79.44,4.8,7.18,47.9,186.57,0.317
2026-06-04 04:00,PUMP-12,103.17,6.14,7.98,36.4,179.88,0.318
2026-06-04 05:00,PUMP-12,70.17,5.44,7.11,42.2,194.86,0.319
2026-06-04 06:00,PUMP-12,82.93,4.78,6.35,37.8,205.23,0.32
2026-06-04 07:00,PUMP-12,79.0,5.03,7.89,42.4,150.0,0.322
2026-06-04 08:00,PUMP-12,79.95,4.34,7.11,42.0,199.9,0.323
2026-06-04 09:00,PUMP-12,100.37,4.65,6.91,42.9,211.21,0.324
2026-06-04 10:00,PUMP-12,68.73,5.64,7.71,39.2,179.92,0.325
2026-06-04 11:00,PUMP-12,89.37,5.42,7.49,36.3,143.7,0.327
2026-06-04 12:00,PUMP-12,79.65,4.83,7.54,36.2,202.8,0.328
2026-06-04 13:00,PUMP-12,85.51,4.44,7.94,38.3,169.38,0.329
2026-06-04 14:00,PUMP-12,83.61,5.04,6.4,43.1,186.55,0.33
2026-06-04 15:00,PUMP-12,71.79,3.58,7.51,40.5,189.72,0.332
2026-06-04 16:00,PUMP-12,96.68,2.97,8.21,46.8,162.18,0.333
2026-06-04 17:00,PUMP-12,92.41,4.36,6.28,39.5,232.3,0.334
2026-06-04 18:00,PUMP-12,84.76,5.07,7.89,36.9,223.98,0.335
2026-06-04 19:00,PUMP-12,98.8,5.39,6.49,45.4,193.89,0.337
2026-06-04 20:00,PUMP-12,87.96,5.97,7.51,35.5,223.64,0.338
2026-06-04 21:00,PUMP-12,83.69,5.29,7.66,41.6,205.07,0.339
2026-06-04 22:00,PUMP-12,82.7,4.87,6.69,37.4,179.21,0.34
2026-06-04 23:00,PUMP-12,91.86,4.73,7.05,39.5,199.62,0.342
2026-06-05 00:00,PUMP-12,87.86,6.64,5.99,38.9,200.53,0.343
2026-06-05 01:00,PUMP-12,60.77,6.45,7.04,36.0,210.35,0.344
2026-06-05 02:00,PUMP-12,54.81,5.18,6.32,39.9,195.47,0.345
2026-06-05 03:00,PUMP-12,89.41,5.34,8.86,40.3,177.66,0.347
2026-06-05 04:00,PUMP-12,94.38,4.94,7.48,20.3,197.32,0.348
2026-06-05 05:00,PUMP-12,79.3,4.63,6.59,44.5,135.48,0.349
2026-06-05 06:00,PUMP-12,116.5,5.94,7.44,49.5,192.79,0.35
2026-06-05 07:00,PUMP-12,69.77,5.83,5.78,43.0,215.57,0.351
2026-06-05 08:00,PUMP-12,86.23,3.78,7.3,39.4,167.55,0.353
2026-06-05 09:00,PUMP-12,53.39,4.0,6.72,45.6,253.82,0.354
2026-06-05 10:00,PUMP-12,89.85,4.32,6.78,45.4,200.94,0.355
2026-06-05 11:00,PUMP-12,84.45,5.16,8.11,51.2,185.98,0.356
2026-06-05 12:00,PUMP-12,81.75,5.37,6.75,29.0,197.86,0.358
2026-06-05 13:00,PUMP-12,71.46,6.03,7.27,47.5,164.53,0.359
2026-06-05 14:00,PUMP-12,92.84,3.61,7.89,38.8,208.65,0.36
2026-06-05 15:00,PUMP-12,75.71,5.5,7.53,41.9,196.42,0.361
2026-06-05 16:00,PUMP-12,99.04,4.48,8.27,38.2,215.14,0.363
2026-06-05 17:00,PUMP-12,106.54,4.28,5.36,40.8,168.47,0.364
2026-06-05 18:00,PUMP-12,73.69,4.66,6.68,47.2,212.99,0.365
2026-06-05 19:00,PUMP-12,92.93,6.82,6.49,27.5,234.93,0.366
2026-06-05 20:00,PUMP-12,82.51,4.88,5.65,33.2,202.24,0.368
2026-06-05 21:00,PUMP-12,77.97,3.16,6.35,45.2,216.53,0.369
2026-06-05 22:00,PUMP-12,82.02,7.23,7.95,49.1,217.79,0.37
2026-06-05 23:00,PUMP-12,89.02,3.82,5.81,36.3,191.46,0.371
2026-06-06 00:00,PUMP-12,79.52,5.21,7.1,42.4,209.21,0.373
2026-06-06 01:00,PUMP-12,79.56,4.67,4.98,44.4,166.18,0.374
2026-06-06 02:00,PUMP-12,69.1,5.6,7.86,43.4,208.23,0.375
2026-06-06 03:00,PUMP-12,66.97,4.71,6.66,48.6,205.99,0.376
2026-06-06 04:00,PUMP-12,76.6,5.57,7.41,39.4,196.26,0.378
2026-06-06 05:00,PUMP-12,88.99,4.77,6.09,41.8,178.43,0.379
2026-06-01 06:00,PUMP-19,62.37,3.67,6.73,40.1,188.84,0.578
2026-06-01 07:00,PUMP-19,71.63,4.53,6.65,42.7,185.43,0.579
2026-06-01 08:00,PUMP-19,79.38,5.23,6.71,32.0,175.15,0.58
2026-06-01 09:00,PUMP-19,81.75,4.23,7.13,31.4,159.02,0.58
2026-06-01 10:00,PUMP-19,79.04,4.76,6.38,41.8,161.62,0.581
2026-06-01 11:00,PUMP-19,62.23,4.26,7.06,42.0,192.26,0.582
2026-06-01 12:00,PUMP-19,90.29,4.88,6.65,44.7,145.5,0.582
2026-06-01 13:00,PUMP-19,74.63,4.95,7.39,44.1,217.27,0.583
2026-06-01 14:00,PUMP-19,66.27,4.76,6.84,45.6,179.14,0.584
2026-06-01 15:00,PUMP-19,81.34,5.29,7.35,39.0,168.81,0.585
2026-06-01 16:00,PUMP-19,66.7,4.93,7.83,38.8,138.19,0.585
2026-06-01 17:00,PUMP-19,67.28,4.5,6.23,30.2,167.14,0.586
2026-06-01 18:00,PUMP-19,53.35,4.42,6.62,40.3,204.03,0.587
2026-06-01 19:00,PUMP-19,64.54,2.67,6.88,42.3,146.22,0.587
2026-06-01 20:00,PUMP-19,69.85,3.94,6.92,36.9,232.9,0.588
2026-06-01 21:00,PUMP-19,70.89,4.31,6.56,26.8,205.69,0.589
2026-06-01 22:00,PUMP-19,42.29,5.14,5.97,33.2,174.12,0.589
2026-06-01 23:00,PUMP-19,95.11,4.4,6.76,36.2,190.16,0.59
2026-06-02 00:00,PUMP-19,69.77,4.68,5.52,42.6,183.1,0.591
2026-06-02 01:00,PUMP-19,59.99,3.45,6.79,37.6,182.48,0.591
2026-06-02 02:00,PUMP-19,59.24,3.55,8.39,35.8,167.32,0.592
2026-06-02 03:00,PUMP-19,71.62,3.97,7.75,37.1,194.34,0.593
2026-06-02 04:00,PUMP-19,64.92,4.71,6.75,39.1,174.4,0.593
2026-06-02 05:00,PUMP-19,78.74,3.33,6.21,50.2,186.92,0.594
2026-06-02 06:00,PUMP-19,69.76,4.61,6.85,28.7,179.61,0.595
2026-06-02 07:00,PUMP-19,72.09,4.4,6.35,38.9,200.25,0.595
2026-06-02 08:00,PUMP-19,71.79,3.86,7.15,38.0,198.64,0.596
2026-06-02 09:00,PUMP-19,71.54,4.41,6.4,33.8,191.27,0.597
2026-06-02 10:00,PUMP-19,75.8,4.6,7.41,32.7,178.62,0.597
2026-06-02 11:00,PUMP-19,53.53,4.51,6.13,42.3,191.34,0.598
2026-06-02 12:00,PUMP-19,67.9,4.13,7.75,31.7,189.58,0.599
2026-06-02 13:00,PUMP-19,74.34,4.81,5.73,40.0,199.22,0.599
2026-06-02 14:00,PUMP-19,86.47,3.61,6.69,49.2,146.18,0.6
2026-06-02 15:00,PUMP-19,72.69,4.27,7.01,35.3,196.21,0.601
2026-06-02 16:00,PUMP-19,81.82,5.41,6.33,37.6,198.94,0.602
2026-06-02 17:00,PUMP-19,90.86,4.13,5.82,38.9,196.14,0.602
2026-06-02 18:00,PUMP-19,79.71,4.91,8.23,37.8,156.93,0.603
2026-06-02 19:00,PUMP-19,61.3,4.05,7.6,48.6,180.44,0.604
2026-06-02 20:00,PUMP-19,73.19,4.04,7.74,36.2,173.63,0.604
2026-06-02 21:00,PUMP-19,72.27,4.11,8.15,35.5,227.18,0.605
2026-06-02 22:00,PUMP-19,66.61,3.55,6.42,43.2,175.48,0.606
2026-06-02 23:00,PUMP-19,83.92,3.55,5.72,38.1,181.6,0.606
2026-06-03 00:00,PUMP-19,58.63,4.05,7.26,36.0,158.5,0.607
2026-06-03 01:00,PUMP-19,62.27,4.02,7.2,53.7,200.03,0.608
2026-06-03 02:00,PUMP-19,60.64,3.05,6.81,47.9,189.39,0.608
2026-06-03 03:00,PUMP-19,67.77,4.81,7.84,47.3,153.39,0.609
2026-06-03 04:00,PUMP-19,77.15,3.22,6.32,33.6,170.15,0.61
2026-06-03 05:00,PUMP-19,58.9,4.65,6.87,35.7,185.7,0.61
2026-06-03 06:00,PUMP-19,87.74,4.35,6.47,38.6,173.39,0.611
2026-06-03 07:00,PUMP-19,66.02,2.92,6.62,46.2,158.3,0.612
2026-06-03 08:00,PUMP-19,54.06,4.04,7.64,31.4,179.46,0.612
2026-06-03 09:00,PUMP-19,76.79,4.47,7.26,43.0,142.52,0.613
2026-06-03 10:00,PUMP-19,78.75,5.05,6.72,41.9,154.36,0.614
2026-06-03 11:00,PUMP-19,85.39,3.67,8.02,38.1,189.51,0.614
2026-06-03 12:00,PUMP-19,67.57,5.39,5.51,41.8,132.2,0.615
2026-06-03 13:00,PUMP-19,61.05,5.4,7.5,29.9,175.24,0.616
2026-06-03 14:00,PUMP-19,66.7,4.48,8.15,43.3,184.36,0.616
2026-06-03 15:00,PUMP-19,77.6,3.33,7.36,44.6,162.61,0.617
2026-06-03 16:00,PUMP-19,66.45,5.09,7.02,34.3,166.49,0.618
2026-06-03 17:00,PUMP-19,68.22,4.04,6.82,38.8,209.95,0.619
2026-06-03 18:00,PUMP-19,80.67,5.1,5.7,40.6,199.56,0.619
2026-06-03 19:00,PUMP-19,79.61,3.61,6.35,44.8,170.81,0.62
2026-06-03 20:00,PUMP-19,78.85,4.18,6.79,40.6,158.01,0.621
2026-06-03 21:00,PUMP-19,88.99,4.45,7.83,37.4,163.97,0.621
2026-06-03 22:00,PUMP-19,69.47,3.48,7.34,43.6,164.52,0.622
2026-06-03 23:00,PUMP-19,69.45,4.33,6.35,38.0,207.34,0.623
2026-06-04 00:00,PUMP-19,65.32,3.71,8.59,29.4,150.61,0.623
2026-06-04 01:00,PUMP-19,89.8,3.78,7.21,50.6,160.24,0.624
2026-06-04 02:00,PUMP-19,66.78,4.34,6.81,37.4,172.26,0.625
2026-06-04 03:00,PUMP-19,59.67,4.38,7.44,39.2,170.37,0.625
2026-06-04 04:00,PUMP-19,77.71,3.69,6.65,39.7,205.3,0.626
2026-06-04 05:00,PUMP-19,71.94,3.98,6.75,38.1,155.06,0.627
2026-06-04 06:00,PUMP-19,63.57,4.64,6.47,40.5,165.1,0.627
2026-06-04 07:00,PUMP-19,59.62,3.73,7.82,37.9,160.96,0.628
2026-06-04 08:00,PUMP-19,68.25,3.82,7.02,37.9,172.84,0.629
2026-06-04 09:00,PUMP-19,67.63,4.29,7.07,41.1,187.84,0.629
2026-06-04 10:00,PUMP-19,71.37,4.87,7.18,47.4,173.16,0.63
2026-06-04 11:00,PUMP-19,74.91,3.57,6.87,44.1,167.26,0.631
2026-06-04 12:00,PUMP-19,86.58,4.06,7.94,34.8,169.06,0.631
2026-06-04 13:00,PUMP-19,67.51,4.73,7.3,39.6,165.36,0.632
2026-06-04 14:00,PUMP-19,71.99,4.53,7.43,39.7,165.52,0.633
2026-06-04 15:00,PUMP-19,73.2,4.12,7.03,37.7,210.34,0.633
2026-06-04 16:00,PUMP-19,66.2,5.06,7.81,44.7,213.03,0.634
2026-06-04 17:00,PUMP-19,77.5,3.81,6.5,36.6,191.75,0.635
2026-06-04 18:00,PUMP-19,58.03,3.05,7.9,45.1,183.06,0.636
2026-06-04 19:00,PUMP-19,80.96,4.55,6.73,32.7,200.8,0.636
2026-06-04 20:00,PUMP-19,76.39,3.08,6.95,37.7,172.17,0.637
2026-06-04 21:00,PUMP-19,68.98,4.39,6.71,34.2,188.25,0.638
2026-06-04 22:00,PUMP-19,76.72,3.04,7.13,44.4,171.36,0.638
2026-06-04 23:00,PUMP-19,73.86,3.49,5.66,42.6,172.65,0.639
2026-06-05 00:00,PUMP-19,76.15,3.85,6.67,40.8,173.12,0.64
2026-06-05 01:00,PUMP-19,80.28,3.72,5.87,40.7,147.81,0.64
2026-06-05 02:00,PUMP-19,47.91,3.26,6.55,36.0,143.04,0.641
2026-06-05 03:00,PUMP-19,69.86,4.83,7.41,40.0,193.1,0.642
2026-06-05 04:00,PUMP-19,67.79,3.4,7.31,34.6,181.11,0.642
2026-06-05 05:00,PUMP-19,71.72,3.75,6.54,45.7,141.93,0.643
2026-06-05 06:00,PUMP-19,74.5,3.8,6.34,40.2,180.68,0.644
2026-06-05 07:00,PUMP-19,71.35,4.16,7.81,37.0,182.72,0.644
2026-06-05 08:00,PUMP-19,55.41,4.3,5.58,43.2,164.54,0.645
2026-06-05 09:00,PUMP-19,73.44,3.0,6.86,44.1,186.76,0.646
2026-06-05 10:00,PUMP-19,71.7,3.98,7.62,43.7,161.46,0.646
2026-06-05 11:00,PUMP-19,66.36,3.53,6.82,34.2,130.32,0.647
2026-06-05 12:00,PUMP-19,69.76,4.15,6.97,45.4,147.87,0.648
2026-06-05 13:00,PUMP-19,66.95,3.01,7.01,39.5,164.31,0.648
2026-06-05 14:00,PUMP-19,72.18,3.5,6.15,47.9,190.46,0.649
2026-06-05 15:00,PUMP-19,70.03,2.94,6.7,42.9,177.45,0.65
2026-06-05 16:00,PUMP-19,81.28,4.8,6.78,37.7,163.97,0.65
2026-06-05 17:00,PUMP-19,67.83,4.58,6.55,31.6,183.36,0.651
2026-06-05 18:00,PUMP-19,70.78,3.65,5.52,45.9,188.01,0.652
2026-06-05 19:00,PUMP-19,60.97,4.07,6.11,33.2,131.48,0.653
2026-06-05 20:00,PUMP-19,79.02,4.56,6.63,39.7,209.33,0.653
2026-06-05 21:00,PUMP-19,64.54,3.17,6.92,42.7,167.85,0.654
2026-06-05 22:00,PUMP-19,58.21,3.44,7.3,43.6,140.1,0.655
2026-06-05 23:00,PUMP-19,60.11,3.3,6.82,51.0,168.02,0.655
2026-06-06 00:00,PUMP-19,72.18,3.42,8.57,37.0,163.45,0.656
2026-06-06 01:00,PUMP-19,73.05,3.06,7.38,40.0,156.75,0.657
2026-06-06 02:00,PUMP-19,65.96,2.68,6.46,28.6,164.64,0.657
2026-06-06 03:00,PUMP-19,66.89,3.55,6.44,35.8,198.52,0.658
2026-06-06 04:00,PUMP-19,85.04,3.83,7.6,38.5,167.57,0.659
2026-06-06 05:00,PUMP-19,63.73,4.41,7.25,33.5,176.84,0.659
2026-06-01 06:00,HYD-VALVE-07,74.86,3.17,202.86,25.4,12.98,0.132
2026-06-01 07:00,HYD-VALVE-07,101.78,3.92,177.96,37.8,14.93,0.133
2026-06-01 08:00,HYD-VALVE-07,76.99,3.34,203.38,32.0,13.95,0.135
2026-06-01 09:00,HYD-VALVE-07,88.81,4.12,174.33,32.7,20.58,0.136
2026-06-01 10:00,HYD-VALVE-07,100.58,3.87,239.26,41.0,14.1,0.138
2026-06-01 11:00,HYD-VALVE-07,58.18,3.63,174.61,35.7,21.08,0.139
2026-06-01 12:00,HYD-VALVE-07,83.21,3.22,177.12,25.2,7.49,0.14
2026-06-01 13:00,HYD-VALVE-07,98.54,4.13,200.25,34.2,14.38,0.142
2026-06-01 14:00,HYD-VALVE-07,80.23,4.43,211.83,25.1,18.51,0.143
2026-06-01 15:00,HYD-VALVE-07,58.84,3.42,172.24,35.2,9.9,0.145
2026-06-01 16:00,HYD-VALVE-07,64.96,3.06,221.16,34.1,17.04,0.146
2026-06-01 17:00,HYD-VALVE-07,95.37,3.77,215.69,30.2,14.24,0.147
2026-06-01 18:00,HYD-VALVE-07,67.46,3.95,223.11,39.8,14.45,0.149
2026-06-01 19:00,HYD-VALVE-07,90.12,3.55,190.48,37.5,17.24,0.15
2026-06-01 20:00,HYD-VALVE-07,104.58,4.04,178.49,30.1,9.73,0.152
2026-06-01 21:00,HYD-VALVE-07,80.96,3.02,233.06,33.5,16.91,0.153
2026-06-01 22:00,HYD-VALVE-07,81.75,3.82,179.88,34.8,12.96,0.154
2026-06-01 23:00,HYD-VALVE-07,78.91,3.69,217.87,32.7,17.57,0.156
2026-06-02 00:00,HYD-VALVE-07,83.64,4.53,129.5,31.8,19.17,0.157
2026-06-02 01:00,HYD-VALVE-07,52.1,4.44,204.53,24.8,17.2,0.159
2026-06-02 02:00,HYD-VALVE-07,68.3,3.11,235.02,33.1,10.99,0.16
2026-06-02 03:00,HYD-VALVE-07,102.04,4.12,195.26,31.1,13.77,0.161
2026-06-02 04:00,HYD-VALVE-07,97.24,3.07,174.52,41.4,13.47,0.163
2026-06-02 05:00,HYD-VALVE-07,80.92,3.89,193.97,22.9,13.73,0.164
2026-06-02 06:00,HYD-VALVE-07,93.44,4.8,199.93,34.9,19.51,0.166
2026-06-02 07:00,HYD-VALVE-07,86.29,3.76,158.96,32.9,15.29,0.167
2026-06-02 08:00,HYD-VALVE-07,63.07,3.4,240.0,33.7,9.24,0.168
2026-06-02 09:00,HYD-VALVE-07,58.95,3.59,189.73,30.7,15.32,0.17
2026-06-02 10:00,HYD-VALVE-07,82.76,3.69,210.07,28.9,12.14,0.171
2026-06-02 11:00,HYD-VALVE-07,76.02,3.56,224.04,31.4,11.64,0.173
2026-06-02 12:00,HYD-VALVE-07,95.85,3.67,171.67,33.4,9.96,0.174
2026-06-02 13:00,HYD-VALVE-07,67.08,2.85,184.84,45.3,18.16,0.175
2026-06-02 14:00,HYD-VALVE-07,94.6,4.17,199.28,37.0,14.84,0.177
2026-06-02 15:00,HYD-VALVE-07,67.77,2.94,221.87,28.9,15.2,0.178
2026-06-02 16:00,HYD-VALVE-07,86.53,3.98,210.22,29.0,16.43,0.18
2026-06-02 17:00,HYD-VALVE-07,77.87,3.04,158.7,37.3,8.81,0.181
2026-06-02 18:00,HYD-VALVE-07,60.72,4.52,175.87,32.9,14.71,0.182
2026-06-02 19:00,HYD-VALVE-07,80.07,3.01,186.6,39.0,13.44,0.184
2026-06-02 20:00,HYD-VALVE-07,79.01,2.38,189.51,39.3,11.8,0.185
2026-06-02 21:00,HYD-VALVE-07,68.88,3.76,214.99,36.7,12.39,0.187
2026-06-02 22:00,HYD-VALVE-07,87.34,4.44,227.36,27.2,25.05,0.188
2026-06-02 23:00,HYD-VALVE-07,64.76,2.89,208.5,34.5,15.74,0.189
2026-06-03 00:00,HYD-VALVE-07,93.36,4.05,182.45,35.4,18.09,0.191
2026-06-03 01:00,HYD-VALVE-07,90.5,4.15,219.54,38.5,12.57,0.192
2026-06-03 02:00,HYD-VALVE-07,64.76,3.77,191.93,41.2,11.27,0.194
2026-06-03 03:00,HYD-VALVE-07,74.88,3.31,222.68,38.8,14.5,0.195
2026-06-03 04:00,HYD-VALVE-07,82.13,4.41,163.55,38.7,18.31,0.196
2026-06-03 05:00,HYD-VALVE-07,92.07,3.97,184.92,32.3,16.79,0.198
2026-06-03 06:00,HYD-VALVE-07,72.53,3.42,169.09,29.0,15.65,0.199
2026-06-03 07:00,HYD-VALVE-07,74.27,3.12,197.53,36.5,13.46,0.201
2026-06-03 08:00,HYD-VALVE-07,80.69,3.57,196.12,34.9,11.2,0.202
2026-06-03 09:00,HYD-VALVE-07,73.38,2.53,176.36,29.1,12.96,0.203
2026-06-03 10:00,HYD-VALVE-07,90.93,3.51,204.71,30.3,15.42,0.205
2026-06-03 11:00,HYD-VALVE-07,96.97,3.47,183.68,29.2,15.32,0.206
2026-06-03 12:00,HYD-VALVE-07,68.56,3.9,179.62,26.7,16.1,0.208
2026-06-03 13:00,HYD-VALVE-07,64.74,3.83,223.65,32.0,15.12,0.209
2026-06-03 14:00,HYD-VALVE-07,93.56,3.26,235.65,33.4,11.01,0.21
2026-06-03 15:00,HYD-VALVE-07,79.62,3.62,225.62,39.4,15.69,0.212
2026-06-03 16:00,HYD-VALVE-07,85.57,3.6,218.23,32.4,10.5,0.213
2026-06-03 17:00,HYD-VALVE-07,80.73,4.94,218.51,31.5,19.33,0.215
2026-06-03 18:00,HYD-VALVE-07,58.5,3.36,209.68,31.6,12.23,0.216
2026-06-03 19:00,HYD-VALVE-07,76.61,3.2,184.36,29.6,8.79,0.217
2026-06-03 20:00,HYD-VALVE-07,68.06,3.43,222.6,31.7,10.03,0.219
2026-06-03 21:00,HYD-VALVE-07,95.5,2.87,203.07,30.3,11.78,0.22
2026-06-03 22:00,HYD-VALVE-07,82.44,3.73,228.14,38.3,14.88,0.222
2026-06-03 23:00,HYD-VALVE-07,84.94,2.93,226.79,37.7,16.07,0.223
2026-06-04 00:00,HYD-VALVE-07,84.62,2.69,176.78,35.7,14.84,0.224
2026-06-04 01:00,HYD-VALVE-07,84.33,3.53,196.98,41.3,15.56,0.226
2026-06-04 02:00,HYD-VALVE-07,86.11,4.1,227.75,36.6,16.89,0.227
2026-06-04 03:00,HYD-VALVE-07,80.96,4.04,249.31,29.8,11.65,0.229
2026-06-04 04:00,HYD-VALVE-07,94.92,3.56,191.66,31.5,17.63,0.23
2026-06-04 05:00,HYD-VALVE-07,84.01,4.53,198.82,39.5,20.16,0.231
2026-06-04 06:00,HYD-VALVE-07,62.82,2.9,206.47,32.1,12.81,0.233
2026-06-04 07:00,HYD-VALVE-07,70.99,3.38,181.52,28.6,15.66,0.234
2026-06-04 08:00,HYD-VALVE-07,79.27,3.97,211.69,37.1,16.95,0.236
2026-06-04 09:00,HYD-VALVE-07,68.24,3.18,206.42,39.7,16.57,0.237
2026-06-04 10:00,HYD-VALVE-07,75.64,3.35,205.85,29.2,17.27,0.238
2026-06-04 11:00,HYD-VALVE-07,86.0,3.93,221.51,40.0,7.65,0.24
2026-06-04 12:00,HYD-VALVE-07,80.18,2.68,180.38,34.3,18.44,0.241
2026-06-04 13:00,HYD-VALVE-07,81.26,3.56,238.11,36.2,10.93,0.243
2026-06-04 14:00,HYD-VALVE-07,63.05,2.97,202.77,27.3,15.81,0.244
2026-06-04 15:00,HYD-VALVE-07,80.95,3.05,202.57,37.6,12.05,0.245
2026-06-04 16:00,HYD-VALVE-07,85.37,3.05,212.7,42.3,15.39,0.247
2026-06-04 17:00,HYD-VALVE-07,64.24,3.47,202.0,30.7,9.84,0.248
2026-06-04 18:00,HYD-VALVE-07,73.58,3.88,217.44,41.0,14.09,0.25
2026-06-04 19:00,HYD-VALVE-07,98.17,2.97,209.47,33.8,19.46,0.251
2026-06-04 20:00,HYD-VALVE-07,77.85,2.87,205.26,29.4,11.19,0.252
2026-06-04 21:00,HYD-VALVE-07,87.18,3.4,218.08,30.6,18.77,0.254
2026-06-04 22:00,HYD-VALVE-07,75.6,2.38,181.36,28.0,9.13,0.255
2026-06-04 23:00,HYD-VALVE-07,82.74,3.6,212.43,31.3,16.08,0.257
2026-06-05 00:00,HYD-VALVE-07,62.02,3.15,196.72,32.1,14.58,0.258
2026-06-05 01:00,HYD-VALVE-07,77.09,3.65,206.34,39.8,12.55,0.259
2026-06-05 02:00,HYD-VALVE-07,84.09,3.54,205.03,35.7,6.72,0.261
2026-06-05 03:00,HYD-VALVE-07,97.25,2.92,183.31,33.4,9.66,0.262
2026-06-05 04:00,HYD-VALVE-07,95.41,3.07,185.63,30.9,15.73,0.264
2026-06-05 05:00,HYD-VALVE-07,91.71,3.53,183.73,41.6,15.19,0.265
2026-06-05 06:00,HYD-VALVE-07,69.63,3.35,202.54,36.2,14.21,0.266
2026-06-05 07:00,HYD-VALVE-07,77.36,4.35,258.67,35.9,11.02,0.268
2026-06-05 08:00,HYD-VALVE-07,66.17,3.8,166.0,34.1,15.56,0.269
2026-06-05 09:00,HYD-VALVE-07,78.92,3.17,237.83,39.0,12.56,0.271
2026-06-05 10:00,HYD-VALVE-07,85.12,3.28,188.95,33.0,18.27,0.272
2026-06-05 11:00,HYD-VALVE-07,71.17,3.33,220.75,36.5,15.01,0.273
2026-06-05 12:00,HYD-VALVE-07,70.04,4.57,216.52,23.2,18.68,0.275
2026-06-05 13:00,HYD-VALVE-07,63.59,2.65,185.11,41.3,13.23,0.276
2026-06-05 14:00,HYD-VALVE-07,79.03,2.5,221.73,33.7,9.73,0.278
2026-06-05 15:00,HYD-VALVE-07,80.17,3.61,201.22,41.5,16.17,0.279
2026-06-05 16:00,HYD-VALVE-07,92.28,3.33,201.69,39.3,18.14,0.28
2026-06-05 17:00,HYD-VALVE-07,73.31,4.32,201.77,35.0,15.67,0.282
2026-06-05 18:00,HYD-VALVE-07,67.89,2.5,241.71,40.3,10.98,0.283
2026-06-05 19:00,HYD-VALVE-07,78.08,3.67,189.27,42.2,12.45,0.285
2026-06-05 20:00,HYD-VALVE-07,86.84,3.02,209.71,42.7,15.77,0.286
2026-06-05 21:00,HYD-VALVE-07,71.58,3.45,214.14,32.9,12.79,0.287
2026-06-05 22:00,HYD-VALVE-07,94.65,4.05,185.58,28.4,9.74,0.289
2026-06-05 23:00,HYD-VALVE-07,65.09,3.19,197.61,28.1,14.66,0.29
2026-06-06 00:00,HYD-VALVE-07,46.73,3.4,232.09,28.9,4.29,0.292
2026-06-06 01:00,HYD-VALVE-07,78.16,3.69,190.72,36.1,18.53,0.293
2026-06-06 02:00,HYD-VALVE-07,93.7,3.63,173.75,35.8,10.7,0.294
2026-06-06 03:00,HYD-VALVE-07,76.22,3.2,187.34,42.7,13.34,0.296
2026-06-06 04:00,HYD-VALVE-07,61.21,3.51,213.0,35.3,11.47,0.297
2026-06-06 05:00,HYD-VALVE-07,71.89,3.01,188.63,31.5,13.35,0.299
2026-06-01 06:00,ROLL-MILL-04,84.6,8.16,212.48,42.4,1756.59,0.281
2026-06-01 07:00,ROLL-MILL-04,123.9,5.94,268.99,37.4,1784.72,0.282
2026-06-01 08:00,ROLL-MILL-04,115.38,9.13,234.17,40.3,1698.85,0.283
2026-06-01 09:00,ROLL-MILL-04,113.11,6.58,242.96,45.7,1950.42,0.284
2026-06-01 10:00,ROLL-MILL-04,117.73,9.81,245.97,43.3,1942.47,0.285
2026-06-01 11:00,ROLL-MILL-04,102.3,5.62,228.09,38.9,1609.79,0.287
2026-06-01 12:00,ROLL-MILL-04,86.59,7.11,200.84,42.6,1912.5,0.288
2026-06-01 13:00,ROLL-MILL-04,112.2,5.87,237.71,33.7,1741.27,0.289
2026-06-01 14:00,ROLL-MILL-04,91.66,9.12,250.38,36.4,1767.73,0.29
2026-06-01 15:00,ROLL-MILL-04,103.74,10.13,183.59,40.1,1855.61,0.291
2026-06-01 16:00,ROLL-MILL-04,97.83,7.08,236.83,33.4,1642.37,0.292
2026-06-01 17:00,ROLL-MILL-04,88.81,7.52,178.71,35.0,1772.79,0.294
2026-06-01 18:00,ROLL-MILL-04,97.59,7.19,255.21,45.9,1617.66,0.295
2026-06-01 19:00,ROLL-MILL-04,119.14,5.36,210.56,40.7,1735.98,0.296
2026-06-01 20:00,ROLL-MILL-04,104.3,8.92,226.96,41.8,1646.53,0.297
2026-06-01 21:00,ROLL-MILL-04,94.09,5.18,249.37,33.7,1824.43,0.298
2026-06-01 22:00,ROLL-MILL-04,116.33,7.43,234.3,39.0,1679.57,0.299
2026-06-01 23:00,ROLL-MILL-04,82.72,9.69,217.56,40.6,1738.22,0.301
2026-06-02 00:00,ROLL-MILL-04,106.45,8.02,255.23,33.6,1821.08,0.302
2026-06-02 01:00,ROLL-MILL-04,104.72,7.77,221.39,37.8,1771.53,0.303
2026-06-02 02:00,ROLL-MILL-04,86.53,5.37,224.93,41.5,1666.8,0.304
2026-06-02 03:00,ROLL-MILL-04,120.98,9.46,267.54,45.3,1733.15,0.305
2026-06-02 04:00,ROLL-MILL-04,110.03,6.77,163.63,40.0,1609.96,0.306
2026-06-02 05:00,ROLL-MILL-04,99.58,4.33,254.6,37.0,1631.05,0.307
2026-06-02 06:00,ROLL-MILL-04,86.64,6.58,210.29,33.1,1533.32,0.309
2026-06-02 07:00,ROLL-MILL-04,99.39,7.22,253.53,29.2,1647.45,0.31
2026-06-02 08:00,ROLL-MILL-04,90.14,8.13,230.38,42.2,1917.11,0.311
2026-06-02 09:00,ROLL-MILL-04,102.16,8.38,212.69,37.4,1702.29,0.312
2026-06-02 10:00,ROLL-MILL-04,130.97,6.12,228.24,38.1,1609.87,0.313
2026-06-02 11:00,ROLL-MILL-04,106.82,7.67,234.62,34.4,1785.19,0.314
2026-06-02 12:00,ROLL-MILL-04,89.48,7.15,252.97,45.0,1609.64,0.316
2026-06-02 13:00,ROLL-MILL-04,110.37,7.53,257.88,38.6,1897.63,0.317
2026-06-02 14:00,ROLL-MILL-04,122.56,6.33,223.24,34.2,1687.74,0.318
2026-06-02 15:00,ROLL-MILL-04,77.46,5.38,257.16,39.7,1785.49,0.319
2026-06-02 16:00,ROLL-MILL-04,89.7,6.21,226.54,44.9,1705.28,0.32
2026-06-02 17:00,ROLL-MILL-04,104.28,9.2,240.94,38.9,1746.21,0.321
2026-06-02 18:00,ROLL-MILL-04,99.22,9.73,228.71,34.4,1775.61,0.323
2026-06-02 19:00,ROLL-MILL-04,114.43,6.98,249.51,43.4,1301.86,0.324
2026-06-02 20:00,ROLL-MILL-04,78.58,8.14,207.88,46.4,1732.73,0.325
2026-06-02 21:00,ROLL-MILL-04,100.3,7.68,221.69,34.8,1708.59,0.326
2026-06-02 22:00,ROLL-MILL-04,115.04,5.52,237.23,35.8,1703.97,0.327
2026-06-02 23:00,ROLL-MILL-04,91.52,7.78,204.27,37.9,1663.01,0.328
2026-06-03 00:00,ROLL-MILL-04,79.28,8.14,160.66,36.1,1518.75,0.33
2026-06-03 01:00,ROLL-MILL-04,104.93,7.12,251.54,37.0,1667.74,0.331
2026-06-03 02:00,ROLL-MILL-04,116.41,6.95,230.3,45.1,1769.5,0.332
2026-06-03 03:00,ROLL-MILL-04,127.86,8.17,217.77,43.4,1799.42,0.333
2026-06-03 04:00,ROLL-MILL-04,97.73,8.28,228.91,40.5,1695.17,0.334
2026-06-03 05:00,ROLL-MILL-04,99.6,9.8,242.33,31.3,1715.23,0.335
2026-06-03 06:00,ROLL-MILL-04,97.31,7.96,236.89,39.8,1492.75,0.336
2026-06-03 07:00,ROLL-MILL-04,80.4,9.4,230.2,44.7,1751.5,0.338
2026-06-03 08:00,ROLL-MILL-04,94.12,5.29,243.58,40.6,1893.32,0.339
2026-06-03 09:00,ROLL-MILL-04,98.48,7.63,185.77,35.0,1717.84,0.34
2026-06-03 10:00,ROLL-MILL-04,96.47,6.36,266.03,46.0,1564.81,0.341
2026-06-03 11:00,ROLL-MILL-04,102.4,6.95,267.64,39.2,1757.73,0.342
2026-06-03 12:00,ROLL-MILL-04,88.65,9.27,223.25,47.3,1814.68,0.343
2026-06-03 13:00,ROLL-MILL-04,92.38,8.2,236.69,36.9,1774.48,0.345
2026-06-03 14:00,ROLL-MILL-04,100.63,7.53,214.94,34.3,1696.03,0.346
2026-06-03 15:00,ROLL-MILL-04,103.29,8.91,196.98,38.6,1871.18,0.347
2026-06-03 16:00,ROLL-MILL-04,91.92,6.11,207.58,42.0,1539.91,0.348
2026-06-03 17:00,ROLL-MILL-04,101.1,6.6,216.25,36.5,1642.62,0.349
2026-06-03 18:00,ROLL-MILL-04,95.95,7.4,237.12,35.7,1739.82,0.35
2026-06-03 19:00,ROLL-MILL-04,94.44,6.87,231.46,29.4,1590.33,0.352
2026-06-03 20:00,ROLL-MILL-04,91.92,6.11,224.67,34.3,1579.57,0.353
2026-06-03 21:00,ROLL-MILL-04,114.06,10.2,254.89,39.5,1813.73,0.354
2026-06-03 22:00,ROLL-MILL-04,104.77,7.11,233.07,36.3,1429.92,0.355
2026-06-03 23:00,ROLL-MILL-04,89.53,6.35,242.2,35.6,1476.29,0.356
2026-06-04 00:00,ROLL-MILL-04,100.18,7.82,249.2,39.8,1957.84,0.357
2026-06-04 01:00,ROLL-MILL-04,89.13,9.16,252.88,34.8,1667.82,0.359
2026-06-04 02:00,ROLL-MILL-04,90.68,7.26,219.27,35.8,1681.51,0.36
2026-06-04 03:00,ROLL-MILL-04,86.85,8.9,251.72,34.5,1780.68,0.361
2026-06-04 04:00,ROLL-MILL-04,86.62,5.08,237.83,40.7,1596.5,0.362
2026-06-04 05:00,ROLL-MILL-04,107.24,9.98,304.02,33.6,1718.28,0.363
2026-06-04 06:00,ROLL-MILL-04,84.24,11.11,219.33,42.3,1691.25,0.364
2026-06-04 07:00,ROLL-MILL-04,86.45,7.13,196.8,34.8,1649.34,0.365
2026-06-04 08:00,ROLL-MILL-04,103.17,4.42,228.34,50.8,1570.78,0.367
2026-06-04 09:00,ROLL-MILL-04,104.45,6.83,160.82,33.0,1601.08,0.368
2026-06-04 10:00,ROLL-MILL-04,111.2,7.33,224.49,41.4,1693.5,0.369
2026-06-04 11:00,ROLL-MILL-04,97.96,8.25,196.19,37.0,1821.33,0.37
2026-06-04 12:00,ROLL-MILL-04,72.18,6.34,233.62,39.1,1639.57,0.371
2026-06-04 13:00,ROLL-MILL-04,105.63,6.21,253.68,39.0,1884.29,0.372
2026-06-04 14:00,ROLL-MILL-04,111.0,8.07,264.28,34.0,1643.69,0.374
2026-06-04 15:00,ROLL-MILL-04,77.19,8.48,270.02,35.6,1538.18,0.375
2026-06-04 16:00,ROLL-MILL-04,114.52,6.39,217.37,45.7,1635.45,0.376
2026-06-04 17:00,ROLL-MILL-04,97.44,9.43,244.01,32.7,1846.82,0.377
2026-06-04 18:00,ROLL-MILL-04,77.23,8.64,241.51,35.4,1586.96,0.378
2026-06-04 19:00,ROLL-MILL-04,85.36,9.57,232.57,34.8,1740.07,0.379
2026-06-04 20:00,ROLL-MILL-04,115.35,7.74,246.44,42.8,1681.21,0.381
2026-06-04 21:00,ROLL-MILL-04,103.8,7.17,205.39,31.7,1725.17,0.382
2026-06-04 22:00,ROLL-MILL-04,90.5,7.28,223.43,42.9,1705.4,0.383
2026-06-04 23:00,ROLL-MILL-04,103.58,6.93,226.06,36.3,1701.52,0.384
2026-06-05 00:00,ROLL-MILL-04,77.31,7.27,238.27,40.0,1551.07,0.385
2026-06-05 01:00,ROLL-MILL-04,94.1,6.8,216.26,31.9,1549.73,0.386
2026-06-05 02:00,ROLL-MILL-04,99.62,7.78,232.87,33.6,1715.48,0.388
2026-06-05 03:00,ROLL-MILL-04,96.89,6.64,206.89,35.5,1752.47,0.389
2026-06-05 04:00,ROLL-MILL-04,97.05,7.12,205.04,52.0,1415.9,0.39
2026-06-05 05:00,ROLL-MILL-04,73.27,6.59,234.0,46.9,1728.63,0.391
2026-06-05 06:00,ROLL-MILL-04,103.2,8.45,231.44,28.2,1699.02,0.392
2026-06-05 07:00,ROLL-MILL-04,102.09,10.05,211.74,44.3,1516.95,0.393
2026-06-05 08:00,ROLL-MILL-04,118.94,7.42,249.23,41.5,1745.68,0.394
2026-06-05 09:00,ROLL-MILL-04,100.47,6.4,225.19,34.2,1656.42,0.396
2026-06-05 10:00,ROLL-MILL-04,78.54,7.46,252.5,44.0,1816.1,0.397
2026-06-05 11:00,ROLL-MILL-04,101.09,7.04,222.83,40.0,1748.66,0.398
2026-06-05 12:00,ROLL-MILL-04,103.42,5.51,262.02,40.4,1778.84,0.399
2026-06-05 13:00,ROLL-MILL-04,99.71,6.89,275.38,32.7,1478.36,0.4
2026-06-05 14:00,ROLL-MILL-04,124.53,7.52,218.58,35.1,1442.5,0.401
2026-06-05 15:00,ROLL-MILL-04,122.83,8.11,241.04,42.1,1564.28,0.403
2026-06-05 16:00,ROLL-MILL-04,104.78,8.59,175.99,41.0,1749.61,0.404
2026-06-05 17:00,ROLL-MILL-04,100.18,6.07,224.78,35.7,1706.23,0.405
2026-06-05 18:00,ROLL-MILL-04,92.06,8.17,216.32,35.4,1795.67,0.406
2026-06-05 19:00,ROLL-MILL-04,96.76,7.86,197.67,45.6,1502.97,0.407
2026-06-05 20:00,ROLL-MILL-04,100.0,6.9,210.42,36.6,1802.06,0.408
2026-06-05 21:00,ROLL-MILL-04,120.85,6.87,220.07,28.6,1854.98,0.41
2026-06-05 22:00,ROLL-MILL-04,85.13,6.01,231.06,41.7,1833.08,0.411
2026-06-05 23:00,ROLL-MILL-04,126.27,8.12,217.09,34.7,1643.35,0.412
2026-06-06 00:00,ROLL-MILL-04,108.82,8.37,243.17,28.5,1599.88,0.413
2026-06-06 01:00,ROLL-MILL-04,117.04,6.48,226.54,51.6,1654.15,0.414
2026-06-06 02:00,ROLL-MILL-04,116.57,9.48,246.44,35.8,1409.02,0.415
2026-06-06 03:00,ROLL-MILL-04,87.6,7.96,242.44,43.9,1538.93,0.417
2026-06-06 04:00,ROLL-MILL-04,100.96,4.54,207.39,40.6,1419.38,0.418
2026-06-06 05:00,ROLL-MILL-04,108.73,9.44,194.25,36.7,1850.87,0.419
2026-06-01 06:00,ROLL-MILL-11,91.7,5.85,219.82,31.1,1527.95,0.752
2026-06-01 07:00,ROLL-MILL-11,99.53,5.53,231.31,36.2,1463.65,0.752
2026-06-01 08:00,ROLL-MILL-11,82.37,4.4,192.3,37.9,1519.64,0.753
2026-06-01 09:00,ROLL-MILL-11,77.28,6.14,200.35,40.1,1582.96,0.753
2026-06-01 10:00,ROLL-MILL-11,103.26,5.78,232.52,38.4,1416.55,0.754
2026-06-01 11:00,ROLL-MILL-11,95.16,7.11,215.43,48.5,1619.75,0.754
2026-06-01 12:00,ROLL-MILL-11,106.56,5.26,201.21,38.3,1475.71,0.754
2026-06-01 13:00,ROLL-MILL-11,88.58,5.2,220.8,37.5,1453.97,0.755
2026-06-01 14:00,ROLL-MILL-11,81.32,6.7,216.53,31.3,1363.0,0.755
2026-06-01 15:00,ROLL-MILL-11,83.37,5.71,195.67,29.1,1587.45,0.756
2026-06-01 16:00,ROLL-MILL-11,118.35,6.3,199.09,37.4,1528.1,0.756
2026-06-01 17:00,ROLL-MILL-11,73.9,4.03,215.01,42.0,1560.32,0.756
2026-06-01 18:00,ROLL-MILL-11,79.74,5.93,227.38,33.1,1432.18,0.757
2026-06-01 19:00,ROLL-MILL-11,92.94,6.55,225.21,43.9,1665.64,0.757
2026-06-01 20:00,ROLL-MILL-11,71.32,5.9,242.16,43.7,1661.99,0.758
2026-06-01 21:00,ROLL-MILL-11,80.66,6.1,232.09,35.0,1554.3,0.758
2026-06-01 22:00,ROLL-MILL-11,73.25,4.57,223.71,43.3,1537.51,0.758
2026-06-01 23:00,ROLL-MILL-11,101.7,6.89,199.3,37.5,1493.69,0.759
2026-06-02 00:00,ROLL-MILL-11,94.62,6.13,202.81,42.6,1422.58,0.759
2026-06-02 01:00,ROLL-MILL-11,98.13,2.99,214.24,34.5,1595.83,0.76
2026-06-02 02:00,ROLL-MILL-11,88.93,3.24,192.54,35.1,1639.75,0.76
2026-06-02 03:00,ROLL-MILL-11,102.59,6.08,244.01,34.2,1573.0,0.76
2026-06-02 04:00,ROLL-MILL-11,87.65,4.34,211.02,36.2,1576.27,0.761
2026-06-02 05:00,ROLL-MILL-11,91.29,4.86,207.64,28.5,1580.38,0.761
2026-06-02 06:00,ROLL-MILL-11,85.34,5.37,227.65,35.5,1452.87,0.762
2026-06-02 07:00,ROLL-MILL-11,80.39,5.06,221.54,35.0,1498.08,0.762
2026-06-02 08:00,ROLL-MILL-11,73.18,4.99,185.05,34.7,1582.91,0.762
2026-06-02 09:00,ROLL-MILL-11,88.02,5.24,213.3,42.5,1433.93,0.763
2026-06-02 10:00,ROLL-MILL-11,90.69,4.68,222.62,37.2,1488.81,0.763
2026-06-02 11:00,ROLL-MILL-11,89.39,4.75,194.95,35.6,1427.1,0.764
2026-06-02 12:00,ROLL-MILL-11,87.72,4.79,194.0,39.8,1570.31,0.764
2026-06-02 13:00,ROLL-MILL-11,84.45,5.1,234.35,36.6,1557.73,0.764
2026-06-02 14:00,ROLL-MILL-11,75.04,5.94,214.76,40.6,1511.64,0.765
2026-06-02 15:00,ROLL-MILL-11,78.8,4.2,213.58,35.7,1422.99,0.765
2026-06-02 16:00,ROLL-MILL-11,98.58,6.39,179.71,27.3,1403.66,0.766
2026-06-02 17:00,ROLL-MILL-11,87.76,8.02,195.5,36.4,1649.96,0.766
2026-06-02 18:00,ROLL-MILL-11,81.31,6.48,234.64,37.9,1610.85,0.766
2026-06-02 19:00,ROLL-MILL-11,95.42,3.99,214.12,34.9,1537.09,0.767
2026-06-02 20:00,ROLL-MILL-11,74.2,4.39,218.36,38.0,1653.96,0.767
2026-06-02 21:00,ROLL-MILL-11,88.23,6.78,241.54,43.7,1229.3,0.768
2026-06-02 22:00,ROLL-MILL-11,78.52,5.83,192.86,35.4,1591.76,0.768
2026-06-02 23:00,ROLL-MILL-11,86.6,5.02,249.3,35.9,1629.76,0.768
2026-06-03 00:00,ROLL-MILL-11,85.63,5.46,210.66,33.8,1514.71,0.769
2026-06-03 01:00,ROLL-MILL-11,72.65,5.96,219.36,35.8,1602.11,0.769
2026-06-03 02:00,ROLL-MILL-11,75.83,3.42,225.04,31.1,1413.35,0.77
2026-06-03 03:00,ROLL-MILL-11,87.68,6.31,202.88,33.5,1663.06,0.77
2026-06-03 04:00,ROLL-MILL-11,72.16,6.19,225.16,34.4,1521.49,0.77
2026-06-03 05:00,ROLL-MILL-11,77.59,4.7,214.4,34.5,1391.32,0.771
2026-06-03 06:00,ROLL-MILL-11,93.03,4.76,231.89,37.2,1774.88,0.771
2026-06-03 07:00,ROLL-MILL-11,91.5,4.03,191.91,33.5,1495.94,0.772
2026-06-03 08:00,ROLL-MILL-11,69.77,4.24,217.46,30.2,1524.06,0.772
2026-06-03 09:00,ROLL-MILL-11,88.28,4.36,228.29,38.4,1626.46,0.772
2026-06-03 10:00,ROLL-MILL-11,92.5,5.14,214.26,40.3,1564.81,0.773
2026-06-03 11:00,ROLL-MILL-11,69.35,6.25,206.82,43.7,1547.6,0.773
2026-06-03 12:00,ROLL-MILL-11,79.57,5.34,243.63,34.3,1385.31,0.774
2026-06-03 13:00,ROLL-MILL-11,83.42,6.57,246.33,43.2,1349.96,0.774
2026-06-03 14:00,ROLL-MILL-11,83.59,4.87,213.86,32.5,1508.18,0.774
2026-06-03 15:00,ROLL-MILL-11,74.3,7.61,218.2,35.4,1425.33,0.775
2026-06-03 16:00,ROLL-MILL-11,95.28,5.9,238.43,39.7,1491.32,0.775
2026-06-03 17:00,ROLL-MILL-11,78.75,4.58,209.63,41.4,1484.07,0.776
2026-06-03 18:00,ROLL-MILL-11,88.65,6.07,208.72,42.9,1567.21,0.776
2026-06-03 19:00,ROLL-MILL-11,89.6,5.3,220.23,33.7,1459.24,0.776
2026-06-03 20:00,ROLL-MILL-11,88.28,6.2,212.8,40.5,1511.14,0.777
2026-06-03 21:00,ROLL-MILL-11,78.16,5.34,224.07,34.6,1479.92,0.777
2026-06-03 22:00,ROLL-MILL-11,80.96,5.5,189.96,39.4,1553.0,0.778
2026-06-03 23:00,ROLL-MILL-11,87.8,4.77,222.12,32.5,1465.36,0.778
2026-06-04 00:00,ROLL-MILL-11,93.59,4.02,205.17,35.1,1585.88,0.778
2026-06-04 01:00,ROLL-MILL-11,71.69,4.74,197.09,46.3,1506.56,0.779
2026-06-04 02:00,ROLL-MILL-11,80.68,5.42,232.78,27.6,1437.67,0.779
2026-06-04 03:00,ROLL-MILL-11,87.87,4.7,190.54,34.5,1543.27,0.78
2026-06-04 04:00,ROLL-MILL-11,88.9,7.22,186.93,30.6,1426.6,0.78
2026-06-04 05:00,ROLL-MILL-11,95.2,4.43,189.13,42.1,1466.42,0.78
2026-06-04 06:00,ROLL-MILL-11,96.57,5.51,204.8,42.5,1599.09,0.781
2026-06-04 07:00,ROLL-MILL-11,100.32,4.9,211.07,45.4,1624.15,0.781
2026-06-04 08:00,ROLL-MILL-11,88.17,4.47,197.74,30.8,1444.67,0.782
2026-06-04 09:00,ROLL-MILL-11,83.64,4.14,230.03,25.1,1460.71,0.782
2026-06-04 10:00,ROLL-MILL-11,79.01,5.89,226.4,31.8,1548.38,0.782
2026-06-04 11:00,ROLL-MILL-11,75.45,5.58,194.57,38.6,1653.86,0.783
2026-06-04 12:00,ROLL-MILL-11,105.47,6.35,198.0,35.4,1449.1,0.783
2026-06-04 13:00,ROLL-MILL-11,79.66,3.59,205.32,43.6,1718.7,0.784
2026-06-04 14:00,ROLL-MILL-11,89.81,5.49,229.08,30.1,1456.31,0.784
2026-06-04 15:00,ROLL-MILL-11,93.4,5.06,210.08,42.3,1365.91,0.784
2026-06-04 16:00,ROLL-MILL-11,96.9,4.5,227.05,38.0,1589.98,0.785
2026-06-04 17:00,ROLL-MILL-11,95.18,4.3,232.02,40.5,1649.08,0.785
2026-06-04 18:00,ROLL-MILL-11,80.39,6.43,230.03,35.8,1612.82,0.786
2026-06-04 19:00,ROLL-MILL-11,81.9,6.17,214.91,38.5,1533.35,0.786
2026-06-04 20:00,ROLL-MILL-11,95.34,5.19,227.3,41.0,1454.44,0.786
2026-06-04 21:00,ROLL-MILL-11,94.45,6.7,226.01,40.0,1454.95,0.787
2026-06-04 22:00,ROLL-MILL-11,97.98,3.78,219.33,45.7,1468.65,0.787
2026-06-04 23:00,ROLL-MILL-11,90.69,4.57,228.67,30.9,1492.01,0.788
2026-06-05 00:00,ROLL-MILL-11,79.26,5.37,185.75,45.5,1553.16,0.788
2026-06-05 01:00,ROLL-MILL-11,80.69,6.71,216.23,39.3,1551.16,0.788
2026-06-05 02:00,ROLL-MILL-11,100.83,5.42,197.25,38.4,1562.16,0.789
2026-06-05 03:00,ROLL-MILL-11,85.15,4.63,201.96,29.5,1567.19,0.789
2026-06-05 04:00,ROLL-MILL-11,77.3,4.64,225.88,43.4,1438.53,0.79
2026-06-05 05:00,ROLL-MILL-11,81.97,4.88,225.8,32.8,1458.17,0.79
2026-06-05 06:00,ROLL-MILL-11,89.42,4.67,197.94,37.9,1448.39,0.79
2026-06-05 07:00,ROLL-MILL-11,82.7,6.5,213.39,37.3,1486.01,0.791
2026-06-05 08:00,ROLL-MILL-11,70.62,5.42,235.02,44.3,1767.14,0.791
2026-06-05 09:00,ROLL-MILL-11,82.46,5.45,196.63,47.3,1609.42,0.792
2026-06-05 10:00,ROLL-MILL-11,94.59,5.82,214.15,25.3,1631.11,0.792
2026-06-05 11:00,ROLL-MILL-11,91.74,5.5,201.57,42.3,1550.5,0.792
2026-06-05 12:00,ROLL-MILL-11,87.21,4.18,196.21,37.6,1516.14,0.793
2026-06-05 13:00,ROLL-MILL-11,75.22,6.92,208.57,37.7,1546.94,0.793
2026-06-05 14:00,ROLL-MILL-11,99.45,4.49,213.14,31.6,1613.4,0.794
2026-06-05 15:00,ROLL-MILL-11,89.34,5.39,221.63,47.1,1515.38,0.794
2026-06-05 16:00,ROLL-MILL-11,79.59,4.68,235.12,40.9,1565.05,0.794
2026-06-05 17:00,ROLL-MILL-11,78.95,5.76,227.33,38.5,1513.27,0.795
2026-06-05 18:00,ROLL-MILL-11,89.75,5.62,207.78,36.4,1379.59,0.795
2026-06-05 19:00,ROLL-MILL-11,90.93,5.12,244.43,29.1,1538.39,0.796
2026-06-05 20:00,ROLL-MILL-11,90.87,4.56,225.15,39.4,1568.58,0.796
2026-06-05 21:00,ROLL-MILL-11,82.9,2.17,217.87,38.5,1462.2,0.796
2026-06-05 22:00,ROLL-MILL-11,72.38,5.73,223.56,45.9,1455.73,0.797
2026-06-05 23:00,ROLL-MILL-11,96.53,5.24,207.43,40.5,1597.31,0.797
2026-06-06 00:00,ROLL-MILL-11,80.05,6.73,216.71,31.8,1427.53,0.798
2026-06-06 01:00,ROLL-MILL-11,95.4,4.69,217.97,38.5,1513.76,0.798
2026-06-06 02:00,ROLL-MILL-11,94.49,4.75,196.35,26.5,1513.11,0.798
2026-06-06 03:00,ROLL-MILL-11,82.52,6.4,203.65,43.1,1498.63,0.799
2026-06-06 04:00,ROLL-MILL-11,101.58,4.28,209.1,41.4,1622.69,0.799
2026-06-06 05:00,ROLL-MILL-11,93.14,3.93,235.91,38.0,1385.84,0.8
2026-06-01 06:00,GEARBOX-05,90.72,5.82,3.93,38.2,617.62,0.107
2026-06-01 07:00,GEARBOX-05,113.16,5.21,3.27,34.8,588.9,0.109
2026-06-01 08:00,GEARBOX-05,109.45,6.95,4.65,36.2,591.14,0.11
2026-06-01 09:00,GEARBOX-05,100.7,8.44,5.51,28.8,496.99,0.112
2026-06-01 10:00,GEARBOX-05,115.87,5.7,4.43,31.0,604.96,0.113
2026-06-01 11:00,GEARBOX-05,92.43,4.84,3.19,23.4,526.64,0.114
2026-06-01 12:00,GEARBOX-05,114.0,5.12,4.51,37.5,660.37,0.116
2026-06-01 13:00,GEARBOX-05,90.46,6.98,4.25,25.2,640.0,0.117
2026-06-01 14:00,GEARBOX-05,99.21,5.18,4.68,34.3,595.15,0.119
2026-06-01 15:00,GEARBOX-05,84.97,5.97,4.76,36.0,573.41,0.12
2026-06-01 16:00,GEARBOX-05,83.43,6.64,5.46,30.6,613.91,0.122
2026-06-01 17:00,GEARBOX-05,111.4,7.35,5.54,34.1,664.5,0.123
2026-06-01 18:00,GEARBOX-05,115.33,5.22,4.76,33.9,546.55,0.124
2026-06-01 19:00,GEARBOX-05,93.21,3.89,5.06,36.4,649.6,0.126
2026-06-01 20:00,GEARBOX-05,115.17,5.46,4.4,39.2,645.37,0.127
2026-06-01 21:00,GEARBOX-05,87.78,3.49,4.35,28.7,588.06,0.129
2026-06-01 22:00,GEARBOX-05,110.1,4.51,4.73,28.1,723.62,0.13
2026-06-01 23:00,GEARBOX-05,98.03,6.66,3.74,24.5,530.46,0.132
2026-06-02 00:00,GEARBOX-05,84.8,7.43,3.66,36.3,607.63,0.133
2026-06-02 01:00,GEARBOX-05,95.8,3.33,4.11,36.9,613.92,0.135
2026-06-02 02:00,GEARBOX-05,99.17,4.5,4.61,34.0,556.5,0.136
2026-06-02 03:00,GEARBOX-05,102.82,5.31,3.02,30.4,544.93,0.137
2026-06-02 04:00,GEARBOX-05,113.01,6.9,4.48,30.8,614.5,0.139
2026-06-02 05:00,GEARBOX-05,116.53,5.02,4.04,37.6,609.99,0.14
2026-06-02 06:00,GEARBOX-05,91.33,7.38,4.92,29.2,598.3,0.142
2026-06-02 07:00,GEARBOX-05,96.9,7.93,4.97,34.9,590.24,0.143
2026-06-02 08:00,GEARBOX-05,103.71,4.53,3.43,34.6,604.89,0.145
2026-06-02 09:00,GEARBOX-05,91.66,3.85,3.71,35.2,589.53,0.146
2026-06-02 10:00,GEARBOX-05,88.54,5.04,4.71,32.4,573.44,0.148
2026-06-02 11:00,GEARBOX-05,90.27,6.23,4.72,30.5,674.46,0.149
2026-06-02 12:00,GEARBOX-05,89.14,6.24,3.36,29.0,633.03,0.15
2026-06-02 13:00,GEARBOX-05,106.11,6.29,4.01,34.4,526.73,0.152
2026-06-02 14:00,GEARBOX-05,110.5,3.14,4.22,29.8,653.34,0.153
2026-06-02 15:00,GEARBOX-05,94.07,7.41,5.57,34.8,490.76,0.155
2026-06-02 16:00,GEARBOX-05,86.85,5.49,4.8,34.5,507.71,0.156
2026-06-02 17:00,GEARBOX-05,106.65,4.91,4.24,34.0,573.91,0.158
2026-06-02 18:00,GEARBOX-05,116.71,7.29,3.53,28.5,644.42,0.159
2026-06-02 19:00,GEARBOX-05,97.9,6.72,4.52,37.9,623.33,0.16
2026-06-02 20:00,GEARBOX-05,106.52,5.27,4.95,26.6,567.29,0.162
2026-06-02 21:00,GEARBOX-05,88.18,5.16,3.81,25.0,648.63,0.163
2026-06-02 22:00,GEARBOX-05,93.58,5.81,4.87,37.3,653.82,0.165
2026-06-02 23:00,GEARBOX-05,90.72,6.21,3.84,35.9,581.21,0.166
2026-06-03 00:00,GEARBOX-05,107.88,6.91,5.07,35.1,584.66,0.168
2026-06-03 01:00,GEARBOX-05,80.25,6.35,5.73,31.3,542.5,0.169
2026-06-03 02:00,GEARBOX-05,104.04,7.82,3.74,23.3,545.79,0.171
2026-06-03 03:00,GEARBOX-05,97.36,5.82,4.31,31.0,543.89,0.172
2026-06-03 04:00,GEARBOX-05,85.46,6.37,4.91,26.7,665.87,0.173
2026-06-03 05:00,GEARBOX-05,101.63,6.58,4.29,34.0,517.49,0.175
2026-06-03 06:00,GEARBOX-05,116.16,7.51,4.32,27.7,562.11,0.176
2026-06-03 07:00,GEARBOX-05,103.44,5.53,3.91,33.6,530.9,0.178
2026-06-03 08:00,GEARBOX-05,112.87,6.99,4.98,30.2,589.79,0.179
2026-06-03 09:00,GEARBOX-05,109.94,3.66,4.64,38.6,677.2,0.181
2026-06-03 10:00,GEARBOX-05,83.67,6.25,5.25,37.8,477.82,0.182
2026-06-03 11:00,GEARBOX-05,70.17,6.11,4.85,32.5,560.11,0.184
2026-06-03 12:00,GEARBOX-05,111.91,7.54,4.06,33.6,514.81,0.185
2026-06-03 13:00,GEARBOX-05,117.66,4.4,3.71,29.4,520.59,0.186
2026-06-03 14:00,GEARBOX-05,111.79,8.45,4.68,31.7,616.7,0.188
2026-06-03 15:00,GEARBOX-05,84.04,7.37,4.46,34.7,539.74,0.189
2026-06-03 16:00,GEARBOX-05,92.9,4.16,4.5,36.6,476.61,0.191
2026-06-03 17:00,GEARBOX-05,82.67,5.39,4.26,32.6,574.5,0.192
2026-06-03 18:00,GEARBOX-05,98.99,5.86,3.27,34.3,641.98,0.194
2026-06-03 19:00,GEARBOX-05,98.62,3.98,4.65,34.9,523.03,0.195
2026-06-03 20:00,GEARBOX-05,96.27,7.27,5.65,33.5,603.88,0.196
2026-06-03 21:00,GEARBOX-05,93.18,5.44,5.48,36.8,609.61,0.198
2026-06-03 22:00,GEARBOX-05,88.58,7.47,5.23,27.8,634.88,0.199
2026-06-03 23:00,GEARBOX-05,97.29,6.18,3.03,27.1,629.31,0.201
2026-06-04 00:00,GEARBOX-05,85.48,6.75,3.52,27.1,678.78,0.202
2026-06-04 01:00,GEARBOX-05,106.52,5.73,4.64,30.2,594.74,0.204
2026-06-04 02:00,GEARBOX-05,109.86,5.41,4.83,26.2,672.39,0.205
2026-06-04 03:00,GEARBOX-05,107.6,5.82,4.24,38.6,548.05,0.207
2026-06-04 04:00,GEARBOX-05,99.59,5.51,3.81,37.2,552.88,0.208
2026-06-04 05:00,GEARBOX-05,100.72,5.47,4.38,32.3,539.69,0.209
2026-06-04 06:00,GEARBOX-05,104.04,5.75,5.09,36.0,640.3,0.211
2026-06-04 07:00,GEARBOX-05,88.66,6.55,4.35,32.9,536.21,0.212
2026-06-04 08:00,GEARBOX-05,88.83,6.51,4.23,30.1,619.81,0.214
2026-06-04 09:00,GEARBOX-05,99.18,4.52,4.55,37.5,632.87,0.215
2026-06-04 10:00,GEARBOX-05,87.97,4.63,4.21,38.4,613.79,0.217
2026-06-04 11:00,GEARBOX-05,66.02,6.73,2.89,40.7,619.02,0.218
2026-06-04 12:00,GEARBOX-05,89.67,5.92,4.94,31.0,598.42,0.22
2026-06-04 13:00,GEARBOX-05,92.93,5.54,5.55,24.8,576.0,0.221
2026-06-04 14:00,GEARBOX-05,77.16,5.61,3.96,43.2,545.89,0.222
2026-06-04 15:00,GEARBOX-05,92.75,5.14,5.1,31.0,538.24,0.224
2026-06-04 16:00,GEARBOX-05,117.64,6.62,4.66,42.6,539.26,0.225
2026-06-04 17:00,GEARBOX-05,84.27,4.94,5.32,30.5,636.11,0.227
2026-06-04 18:00,GEARBOX-05,86.51,3.85,3.89,34.1,636.0,0.228
2026-06-04 19:00,GEARBOX-05,110.39,6.16,4.95,22.4,586.4,0.23
2026-06-04 20:00,GEARBOX-05,94.7,5.44,3.99,36.5,632.73,0.231
2026-06-04 21:00,GEARBOX-05,118.48,5.56,3.9,40.5,555.11,0.232
2026-06-04 22:00,GEARBOX-05,87.7,4.29,4.76,35.4,616.63,0.234
2026-06-04 23:00,GEARBOX-05,96.84,6.33,4.85,35.1,634.14,0.235
2026-06-05 00:00,GEARBOX-05,104.56,5.95,4.08,36.2,541.06,0.237
2026-06-05 01:00,GEARBOX-05,92.17,4.99,5.96,29.1,606.5,0.238
2026-06-05 02:00,GEARBOX-05,102.28,6.66,4.43,33.3,560.84,0.24
2026-06-05 03:00,GEARBOX-05,60.44,4.93,5.41,29.7,578.19,0.241
2026-06-05 04:00,GEARBOX-05,126.31,4.71,4.1,32.0,465.53,0.243
2026-06-05 05:00,GEARBOX-05,83.14,4.22,4.84,32.0,458.38,0.244
2026-06-05 06:00,GEARBOX-05,103.72,6.74,4.2,36.8,601.46,0.245
2026-06-05 07:00,GEARBOX-05,82.5,6.01,4.58,29.7,516.38,0.247
2026-06-05 08:00,GEARBOX-05,98.68,8.13,4.42,33.8,514.79,0.248
2026-06-05 09:00,GEARBOX-05,90.45,5.49,4.19,30.4,567.47,0.25
2026-06-05 10:00,GEARBOX-05,86.7,7.0,5.88,30.0,550.78,0.251
2026-06-05 11:00,GEARBOX-05,98.85,6.3,3.91,30.7,600.43,0.253
2026-06-05 12:00,GEARBOX-05,73.47,8.01,4.66,31.8,561.64,0.254
2026-06-05 13:00,GEARBOX-05,80.34,7.57,4.39,31.3,661.29,0.256
2026-06-05 14:00,GEARBOX-05,106.0,5.47,4.75,31.7,550.22,0.257
2026-06-05 15:00,GEARBOX-05,90.67,5.98,5.21,40.9,455.48,0.258
2026-06-05 16:00,GEARBOX-05,121.6,6.73,4.46,31.3,471.3,0.26
2026-06-05 17:00,GEARBOX-05,107.81,4.52,4.9,31.3,483.85,0.261
2026-06-05 18:00,GEARBOX-05,98.31,6.16,3.79,36.4,662.57,0.263
2026-06-05 19:00,GEARBOX-05,99.14,6.1,3.93,28.8,547.15,0.264
2026-06-05 20:00,GEARBOX-05,93.97,5.66,4.3,43.0,597.85,0.266
2026-06-05 21:00,GEARBOX-05,81.24,4.39,3.23,29.0,598.04,0.267
2026-06-05 22:00,GEARBOX-05,89.59,4.91,4.85,35.2,587.07,0.268
2026-06-05 23:00,GEARBOX-05,92.84,5.59,3.53,25.6,525.75,0.27
2026-06-06 00:00,GEARBOX-05,83.41,4.77,4.32,31.1,499.78,0.271
2026-06-06 01:00,GEARBOX-05,91.66,5.97,4.1,36.3,583.61,0.273
2026-06-06 02:00,GEARBOX-05,97.57,5.23,4.72,35.7,467.21,0.274
2026-06-06 03:00,GEARBOX-05,105.71,5.08,4.88,23.8,544.46,0.276
2026-06-06 04:00,GEARBOX-05,72.28,5.45,4.56,34.6,567.81,0.277
2026-06-06 05:00,GEARBOX-05,77.63,6.94,3.51,31.7,526.46,0.279
2026-06-01 06:00,COMPRESSOR-09,71.76,2.77,10.37,45.7,263.52,0.64
2026-06-01 07:00,COMPRESSOR-09,75.49,3.07,9.39,37.5,263.89,0.641
2026-06-01 08:00,COMPRESSOR-09,79.85,3.55,9.81,44.9,283.37,0.642
2026-06-01 09:00,COMPRESSOR-09,92.72,2.75,8.48,35.9,256.1,0.642
2026-06-01 10:00,COMPRESSOR-09,63.63,3.35,10.16,45.6,305.94,0.643
2026-06-01 11:00,COMPRESSOR-09,83.54,4.4,9.05,40.2,285.25,0.643
2026-06-01 12:00,COMPRESSOR-09,83.56,2.41,8.35,37.1,238.04,0.644
2026-06-01 13:00,COMPRESSOR-09,87.27,4.93,9.75,43.7,313.98,0.644
2026-06-01 14:00,COMPRESSOR-09,80.19,4.09,9.78,43.9,297.86,0.645
2026-06-01 15:00,COMPRESSOR-09,82.43,3.76,9.16,43.3,216.22,0.646
2026-06-01 16:00,COMPRESSOR-09,80.25,3.79,9.74,36.2,273.92,0.646
2026-06-01 17:00,COMPRESSOR-09,77.98,3.7,9.78,37.9,221.78,0.647
2026-06-01 18:00,COMPRESSOR-09,80.16,2.21,9.96,52.3,271.19,0.647
2026-06-01 19:00,COMPRESSOR-09,83.38,4.8,10.32,53.4,237.57,0.648
2026-06-01 20:00,COMPRESSOR-09,73.67,4.02,8.16,42.0,262.89,0.649
2026-06-01 21:00,COMPRESSOR-09,86.94,4.42,10.09,45.5,262.71,0.649
2026-06-01 22:00,COMPRESSOR-09,78.77,4.21,10.29,38.4,273.16,0.65
2026-06-01 23:00,COMPRESSOR-09,75.78,3.87,10.41,40.7,236.1,0.65
2026-06-02 00:00,COMPRESSOR-09,69.0,3.3,9.96,41.2,244.81,0.651
2026-06-02 01:00,COMPRESSOR-09,82.61,3.8,10.04,53.0,311.66,0.651
2026-06-02 02:00,COMPRESSOR-09,79.12,3.91,10.37,48.4,251.22,0.652
2026-06-02 03:00,COMPRESSOR-09,66.41,4.27,9.65,45.1,275.48,0.653
2026-06-02 04:00,COMPRESSOR-09,70.66,3.34,10.33,41.2,239.76,0.653
2026-06-02 05:00,COMPRESSOR-09,74.06,3.95,9.06,50.7,282.65,0.654
2026-06-02 06:00,COMPRESSOR-09,64.23,3.83,10.73,58.5,248.07,0.654
2026-06-02 07:00,COMPRESSOR-09,76.45,2.76,9.91,44.4,268.32,0.655
2026-06-02 08:00,COMPRESSOR-09,67.49,4.2,10.94,48.8,270.41,0.655
2026-06-02 09:00,COMPRESSOR-09,75.81,4.28,9.35,29.4,214.46,0.656
2026-06-02 10:00,COMPRESSOR-09,87.23,4.56,9.36,38.0,252.53,0.657
2026-06-02 11:00,COMPRESSOR-09,65.82,3.5,10.87,38.9,239.23,0.657
2026-06-02 12:00,COMPRESSOR-09,65.34,3.81,8.7,45.3,252.25,0.658
2026-06-02 13:00,COMPRESSOR-09,89.68,4.06,9.85,35.0,261.14,0.658
2026-06-02 14:00,COMPRESSOR-09,78.57,3.89,9.75,42.6,229.14,0.659
2026-06-02 15:00,COMPRESSOR-09,56.75,2.91,10.28,46.0,291.05,0.66
2026-06-02 16:00,COMPRESSOR-09,78.73,3.81,9.47,33.5,265.17,0.66
2026-06-02 17:00,COMPRESSOR-09,70.87,3.25,8.66,41.7,284.87,0.661
2026-06-02 18:00,COMPRESSOR-09,82.48,3.01,9.65,41.6,206.47,0.661
2026-06-02 19:00,COMPRESSOR-09,83.59,3.22,9.92,38.0,281.11,0.662
2026-06-02 20:00,COMPRESSOR-09,86.04,3.83,9.89,38.7,251.77,0.662
2026-06-02 21:00,COMPRESSOR-09,67.03,4.36,10.41,39.6,261.23,0.663
2026-06-02 22:00,COMPRESSOR-09,70.64,2.77,9.04,36.0,208.32,0.664
2026-06-02 23:00,COMPRESSOR-09,78.35,2.98,9.42,28.7,262.52,0.664
2026-06-03 00:00,COMPRESSOR-09,70.41,3.23,10.15,41.4,268.1,0.665
2026-06-03 01:00,COMPRESSOR-09,76.37,3.97,8.82,41.9,253.85,0.665
2026-06-03 02:00,COMPRESSOR-09,81.6,3.26,10.05,44.6,244.54,0.666
2026-06-03 03:00,COMPRESSOR-09,81.72,3.37,8.94,38.0,231.35,0.666
2026-06-03 04:00,COMPRESSOR-09,78.38,3.51,9.2,46.3,283.48,0.667
2026-06-03 05:00,COMPRESSOR-09,76.75,2.35,9.84,32.2,236.16,0.668
2026-06-03 06:00,COMPRESSOR-09,74.57,4.66,7.46,34.3,240.85,0.668
2026-06-03 07:00,COMPRESSOR-09,81.36,2.55,8.81,48.1,283.35,0.669
2026-06-03 08:00,COMPRESSOR-09,70.97,4.31,9.51,37.5,240.85,0.669
2026-06-03 09:00,COMPRESSOR-09,70.79,2.91,9.81,47.0,221.49,0.67
2026-06-03 10:00,COMPRESSOR-09,81.1,2.93,9.39,43.5,286.72,0.671
2026-06-03 11:00,COMPRESSOR-09,75.58,3.79,10.74,50.1,287.72,0.671
2026-06-03 12:00,COMPRESSOR-09,81.73,3.96,10.75,45.7,241.69,0.672
2026-06-03 13:00,COMPRESSOR-09,76.58,3.9,8.33,39.1,305.09,0.672
2026-06-03 14:00,COMPRESSOR-09,66.66,3.96,9.69,46.8,239.0,0.673
2026-06-03 15:00,COMPRESSOR-09,69.52,3.65,8.94,49.7,264.42,0.673
2026-06-03 16:00,COMPRESSOR-09,82.47,2.96,9.91,54.4,258.1,0.674
2026-06-03 17:00,COMPRESSOR-09,66.75,4.37,9.06,35.6,229.63,0.675
2026-06-03 18:00,COMPRESSOR-09,66.25,3.96,8.76,37.7,249.63,0.675
2026-06-03 19:00,COMPRESSOR-09,79.01,4.2,10.42,40.3,286.37,0.676
2026-06-03 20:00,COMPRESSOR-09,69.36,4.74,9.93,43.3,217.37,0.676
2026-06-03 21:00,COMPRESSOR-09,83.33,3.3,8.95,37.9,243.34,0.677
2026-06-03 22:00,COMPRESSOR-09,79.49,3.89,9.48,51.4,226.32,0.678
2026-06-03 23:00,COMPRESSOR-09,77.83,2.73,9.88,44.9,262.9,0.678
2026-06-04 00:00,COMPRESSOR-09,79.56,3.99,9.82,35.1,282.47,0.679
2026-06-04 01:00,COMPRESSOR-09,89.38,4.34,9.23,51.8,265.77,0.679
2026-06-04 02:00,COMPRESSOR-09,84.8,4.05,10.58,34.0,238.28,0.68
2026-06-04 03:00,COMPRESSOR-09,79.64,3.44,9.14,49.5,244.37,0.68
2026-06-04 04:00,COMPRESSOR-09,77.92,3.84,9.25,30.4,210.03,0.681
2026-06-04 05:00,COMPRESSOR-09,73.41,5.04,8.86,41.9,313.9,0.682
2026-06-04 06:00,COMPRESSOR-09,75.74,3.93,9.68,37.8,236.46,0.682
2026-06-04 07:00,COMPRESSOR-09,71.45,3.58,8.85,39.5,265.89,0.683
2026-06-04 08:00,COMPRESSOR-09,84.88,5.14,8.87,43.4,233.13,0.683
2026-06-04 09:00,COMPRESSOR-09,70.5,2.45,10.79,39.9,284.23,0.684
2026-06-04 10:00,COMPRESSOR-09,67.05,2.04,10.77,33.9,231.73,0.684
2026-06-04 11:00,COMPRESSOR-09,84.84,3.64,9.28,48.7,251.47,0.685
2026-06-04 12:00,COMPRESSOR-09,81.65,2.77,10.55,39.2,263.56,0.686
2026-06-04 13:00,COMPRESSOR-09,69.66,3.04,9.2,46.6,252.39,0.686
2026-06-04 14:00,COMPRESSOR-09,76.83,3.27,10.47,34.7,214.76,0.687
2026-06-04 15:00,COMPRESSOR-09,86.42,2.16,10.78,41.9,270.17,0.687
2026-06-04 16:00,COMPRESSOR-09,77.81,3.14,9.83,52.2,290.74,0.688
2026-06-04 17:00,COMPRESSOR-09,69.65,4.38,8.5,40.9,262.51,0.689
2026-06-04 18:00,COMPRESSOR-09,85.02,2.66,10.25,39.9,215.7,0.689
2026-06-04 19:00,COMPRESSOR-09,83.06,3.3,7.84,46.0,214.42,0.69
2026-06-04 20:00,COMPRESSOR-09,72.23,2.83,8.78,47.4,275.22,0.69
2026-06-04 21:00,COMPRESSOR-09,63.34,3.42,9.47,48.8,270.61,0.691
2026-06-04 22:00,COMPRESSOR-09,65.66,2.72,9.94,45.8,242.79,0.691
2026-06-04 23:00,COMPRESSOR-09,70.23,3.89,9.64,28.8,251.38,0.692
2026-06-05 00:00,COMPRESSOR-09,81.59,2.59,10.1,35.8,264.52,0.693
2026-06-05 01:00,COMPRESSOR-09,68.48,2.5,9.59,41.5,298.18,0.693
2026-06-05 02:00,COMPRESSOR-09,81.61,2.52,9.67,46.9,280.54,0.694
2026-06-05 03:00,COMPRESSOR-09,89.65,4.83,8.86,43.9,321.05,0.694
2026-06-05 04:00,COMPRESSOR-09,85.07,3.11,8.22,34.2,275.43,0.695
2026-06-05 05:00,COMPRESSOR-09,74.2,3.43,8.96,37.7,274.36,0.696
2026-06-05 06:00,COMPRESSOR-09,74.81,3.83,8.13,50.9,288.98,0.696
2026-06-05 07:00,COMPRESSOR-09,83.38,2.2,10.11,34.8,269.39,0.697
2026-06-05 08:00,COMPRESSOR-09,84.08,4.24,9.98,51.3,262.47,0.697
2026-06-05 09:00,COMPRESSOR-09,68.67,3.2,9.42,46.2,230.45,0.698
2026-06-05 10:00,COMPRESSOR-09,81.32,3.53,9.05,37.3,245.82,0.698
2026-06-05 11:00,COMPRESSOR-09,77.32,3.41,10.0,33.9,219.82,0.699
2026-06-05 12:00,COMPRESSOR-09,66.83,4.26,9.3,42.2,273.42,0.7
2026-06-05 13:00,COMPRESSOR-09,80.02,3.19,8.29,40.2,218.25,0.7
2026-06-05 14:00,COMPRESSOR-09,74.37,3.04,9.63,43.0,248.5,0.701
2026-06-05 15:00,COMPRESSOR-09,79.82,5.37,7.97,54.1,232.65,0.701
2026-06-05 16:00,COMPRESSOR-09,64.3,2.91,9.97,43.1,241.79,0.702
2026-06-05 17:00,COMPRESSOR-09,70.32,3.04,9.86,48.3,251.23,0.702
2026-06-05 18:00,COMPRESSOR-09,69.53,3.28,7.61,41.7,267.75,0.703
2026-06-05 19:00,COMPRESSOR-09,71.93,3.2,10.27,43.6,267.83,0.704
2026-06-05 20:00,COMPRESSOR-09,78.7,3.62,10.42,35.2,256.94,0.704
2026-06-05 21:00,COMPRESSOR-09,57.02,3.25,10.96,35.6,229.14,0.705
2026-06-05 22:00,COMPRESSOR-09,74.17,4.08,9.93,39.3,301.63,0.705
2026-06-05 23:00,COMPRESSOR-09,74.28,4.25,10.63,37.1,218.95,0.706
2026-06-06 00:00,COMPRESSOR-09,78.87,3.64,9.42,43.3,255.01,0.707
2026-06-06 01:00,COMPRESSOR-09,86.81,1.57,10.38,43.3,254.28,0.707
2026-06-06 02:00,COMPRESSOR-09,67.12,4.31,8.49,42.5,286.94,0.708
2026-06-06 03:00,COMPRESSOR-09,61.84,3.71,9.63,44.1,245.49,0.708
2026-06-06 04:00,COMPRESSOR-09,79.18,4.18,9.16,52.4,228.12,0.709
2026-06-06 05:00,COMPRESSOR-09,69.38,4.28,9.22,37.3,245.91,0.709
2026-06-01 06:00,CRANE-06,59.91,3.05,2.24,32.8,115.68,0.851
2026-06-01 07:00,CRANE-06,52.62,2.35,2.24,31.6,83.35,0.851
2026-06-01 08:00,CRANE-06,52.93,2.31,3.12,49.5,91.72,0.852
2026-06-01 09:00,CRANE-06,45.88,3.33,2.43,59.9,99.62,0.852
2026-06-01 10:00,CRANE-06,43.36,1.42,2.3,52.7,95.67,0.852
2026-06-01 11:00,CRANE-06,36.84,2.23,2.46,52.2,103.47,0.852
2026-06-01 12:00,CRANE-06,50.32,2.76,3.32,50.4,89.99,0.853
2026-06-01 13:00,CRANE-06,55.1,3.24,3.36,45.7,94.79,0.853
2026-06-01 14:00,CRANE-06,53.22,2.31,2.61,39.2,98.76,0.853
2026-06-01 15:00,CRANE-06,42.81,3.07,2.83,34.1,107.05,0.853
2026-06-01 16:00,CRANE-06,47.95,3.4,2.9,50.5,105.25,0.854
2026-06-01 17:00,CRANE-06,45.18,1.4,2.6,36.4,100.65,0.854
2026-06-01 18:00,CRANE-06,42.62,3.03,2.73,36.3,87.41,0.854
2026-06-01 19:00,CRANE-06,53.57,3.09,2.63,39.8,100.31,0.854
2026-06-01 20:00,CRANE-06,49.84,2.28,2.07,44.2,89.07,0.855
2026-06-01 21:00,CRANE-06,50.4,1.43,2.84,40.6,99.36,0.855
2026-06-01 22:00,CRANE-06,59.72,3.47,2.78,37.9,97.43,0.855
2026-06-01 23:00,CRANE-06,52.84,2.74,2.6,48.9,105.97,0.855
2026-06-02 00:00,CRANE-06,58.1,3.05,2.32,42.1,98.29,0.856
2026-06-02 01:00,CRANE-06,53.48,2.3,2.55,42.0,92.31,0.856
2026-06-02 02:00,CRANE-06,53.47,3.1,3.16,50.1,93.93,0.856
2026-06-02 03:00,CRANE-06,58.37,1.76,2.7,40.6,92.11,0.856
2026-06-02 04:00,CRANE-06,62.43,2.34,2.64,47.5,98.12,0.856
2026-06-02 05:00,CRANE-06,43.31,2.77,2.44,43.4,98.14,0.857
2026-06-02 06:00,CRANE-06,53.7,2.81,2.03,45.3,118.56,0.857
2026-06-02 07:00,CRANE-06,40.18,2.05,2.32,32.1,77.48,0.857
2026-06-02 08:00,CRANE-06,45.6,3.23,2.43,38.4,96.47,0.857
2026-06-02 09:00,CRANE-06,53.87,2.85,2.57,59.8,101.4,0.858
2026-06-02 10:00,CRANE-06,53.54,2.27,2.26,37.0,83.64,0.858
2026-06-02 11:00,CRANE-06,54.21,2.67,2.34,41.9,110.46,0.858
2026-06-02 12:00,CRANE-06,49.88,2.59,2.65,47.0,89.73,0.858
2026-06-02 13:00,CRANE-06,36.99,1.46,2.67,40.5,94.45,0.859
2026-06-02 14:00,CRANE-06,41.25,2.12,2.59,44.2,86.04,0.859
2026-06-02 15:00,CRANE-06,44.46,3.67,2.47,43.3,83.04,0.859
2026-06-02 16:00,CRANE-06,46.58,2.41,2.16,44.5,85.15,0.859
2026-06-02 17:00,CRANE-06,46.79,2.12,1.98,34.5,99.71,0.86
2026-06-02 18:00,CRANE-06,45.15,2.46,2.5,46.0,107.59,0.86
2026-06-02 19:00,CRANE-06,47.33,1.91,2.62,49.1,94.39,0.86
2026-06-02 20:00,CRANE-06,50.64,2.46,2.5,47.8,93.71,0.86
2026-06-02 21:00,CRANE-06,54.45,2.8,3.29,39.7,111.42,0.861
2026-06-02 22:00,CRANE-06,55.58,1.87,2.75,47.7,91.37,0.861
2026-06-02 23:00,CRANE-06,36.99,2.99,2.11,43.0,78.09,0.861
2026-06-03 00:00,CRANE-06,54.37,1.52,2.35,40.6,98.22,0.861
2026-06-03 01:00,CRANE-06,42.55,2.83,2.72,41.8,95.05,0.862
2026-06-03 02:00,CRANE-06,35.32,3.48,2.47,47.9,100.37,0.862
2026-06-03 03:00,CRANE-06,51.3,2.96,2.33,50.1,116.2,0.862
2026-06-03 04:00,CRANE-06,52.12,2.47,2.89,46.5,94.01,0.862
2026-06-03 05:00,CRANE-06,49.03,2.63,2.81,41.0,107.25,0.862
2026-06-03 06:00,CRANE-06,62.13,2.9,2.53,47.4,93.23,0.863
2026-06-03 07:00,CRANE-06,44.6,2.13,2.08,49.8,92.83,0.863
2026-06-03 08:00,CRANE-06,40.44,2.85,2.68,45.8,83.0,0.863
2026-06-03 09:00,CRANE-06,44.6,3.56,2.35,46.7,99.64,0.863
2026-06-03 10:00,CRANE-06,43.07,1.72,2.72,42.1,95.03,0.864
2026-06-03 11:00,CRANE-06,56.86,1.64,2.53,51.0,107.81,0.864
2026-06-03 12:00,CRANE-06,49.37,2.83,2.76,38.7,81.44,0.864
2026-06-03 13:00,CRANE-06,55.84,2.59,3.17,40.1,109.53,0.864
2026-06-03 14:00,CRANE-06,55.64,2.84,2.56,38.3,94.9,0.865
2026-06-03 15:00,CRANE-06,48.12,2.57,2.19,45.5,118.44,0.865
2026-06-03 16:00,CRANE-06,45.93,2.86,1.91,47.0,101.18,0.865
2026-06-03 17:00,CRANE-06,45.74,2.87,2.59,54.8,99.48,0.865
2026-06-03 18:00,CRANE-06,53.14,2.47,2.17,59.6,100.26,0.866
2026-06-03 19:00,CRANE-06,52.63,2.6,2.05,35.8,79.19,0.866
2026-06-03 20:00,CRANE-06,58.38,2.84,2.44,35.4,88.76,0.866
2026-06-03 21:00,CRANE-06,50.3,1.85,2.85,39.2,94.98,0.866
2026-06-03 22:00,CRANE-06,50.31,1.31,2.83,44.2,73.05,0.867
2026-06-03 23:00,CRANE-06,48.66,2.36,2.2,46.1,111.81,0.867
2026-06-04 00:00,CRANE-06,52.84,1.75,2.32,32.1,100.43,0.867
2026-06-04 01:00,CRANE-06,45.21,2.71,2.82,49.3,100.51,0.867
2026-06-04 02:00,CRANE-06,49.41,1.63,3.29,57.3,97.09,0.868
2026-06-04 03:00,CRANE-06,53.3,1.9,2.42,44.2,91.46,0.868
2026-06-04 04:00,CRANE-06,60.8,2.72,2.34,41.6,100.89,0.868
2026-06-04 05:00,CRANE-06,41.84,2.82,2.54,49.4,102.15,0.868
2026-06-04 06:00,CRANE-06,47.14,2.17,3.02,46.6,104.86,0.868
2026-06-04 07:00,CRANE-06,54.19,2.5,2.18,54.8,95.93,0.869
2026-06-04 08:00,CRANE-06,58.12,2.5,2.92,38.8,83.23,0.869
2026-06-04 09:00,CRANE-06,49.25,2.27,2.77,46.1,80.62,0.869
2026-06-04 10:00,CRANE-06,46.63,1.75,2.3,43.4,91.08,0.869
2026-06-04 11:00,CRANE-06,57.41,2.78,2.26,51.7,108.39,0.87
2026-06-04 12:00,CRANE-06,51.92,2.34,3.21,48.8,85.94,0.87
2026-06-04 13:00,CRANE-06,51.72,2.07,2.85,37.8,90.89,0.87
2026-06-04 14:00,CRANE-06,47.31,2.81,2.19,44.0,73.78,0.87
2026-06-04 15:00,CRANE-06,55.6,1.02,2.61,45.5,92.43,0.871
2026-06-04 16:00,CRANE-06,57.0,3.18,2.91,50.8,101.76,0.871
2026-06-04 17:00,CRANE-06,48.64,2.69,2.92,43.7,70.96,0.871
2026-06-04 18:00,CRANE-06,41.31,3.56,2.27,40.3,108.72,0.871
2026-06-04 19:00,CRANE-06,55.83,2.85,2.6,31.3,123.08,0.872
2026-06-04 20:00,CRANE-06,48.63,3.15,2.6,40.8,95.03,0.872
2026-06-04 21:00,CRANE-06,49.81,3.47,2.11,46.4,118.41,0.872
2026-06-04 22:00,CRANE-06,47.88,2.56,2.15,53.9,85.25,0.872
2026-06-04 23:00,CRANE-06,54.39,1.43,2.26,45.3,85.47,0.873
2026-06-05 00:00,CRANE-06,49.31,1.78,2.58,36.9,86.07,0.873
2026-06-05 01:00,CRANE-06,52.24,1.46,2.76,39.1,116.01,0.873
2026-06-05 02:00,CRANE-06,47.78,2.04,2.58,50.0,70.57,0.873
2026-06-05 03:00,CRANE-06,47.12,3.24,2.2,36.7,80.08,0.874
2026-06-05 04:00,CRANE-06,48.78,1.83,2.7,35.0,92.63,0.874
2026-06-05 05:00,CRANE-06,49.64,2.19,2.47,38.2,87.97,0.874
2026-06-05 06:00,CRANE-06,57.63,2.77,2.69,50.3,102.53,0.874
2026-06-05 07:00,CRANE-06,48.99,2.86,2.46,54.5,100.33,0.874
2026-06-05 08:00,CRANE-06,50.97,3.41,2.83,39.8,103.36,0.875
2026-06-05 09:00,CRANE-06,43.5,2.39,2.61,44.8,96.11,0.875
2026-06-05 10:00,CRANE-06,45.32,2.75,2.73,40.0,97.71,0.875
2026-06-05 11:00,CRANE-06,53.46,2.81,2.67,46.8,104.75,0.875
2026-06-05 12:00,CRANE-06,54.75,2.79,2.38,46.0,90.45,0.876
2026-06-05 13:00,CRANE-06,47.4,2.72,2.57,39.9,104.24,0.876
2026-06-05 14:00,CRANE-06,46.43,2.79,2.1,51.9,103.42,0.876
2026-06-05 15:00,CRANE-06,53.27,2.54,2.1,34.0,98.76,0.876
2026-06-05 16:00,CRANE-06,48.58,2.71,2.9,46.5,87.15,0.877
2026-06-05 17:00,CRANE-06,54.22,2.18,2.68,47.6,92.09,0.877
2026-06-05 18:00,CRANE-06,58.85,2.33,2.56,51.6,100.02,0.877
2026-06-05 19:00,CRANE-06,45.98,2.33,2.62,41.3,92.21,0.877
2026-06-05 20:00,CRANE-06,55.96,2.41,3.13,43.0,86.45,0.878
2026-06-05 21:00,CRANE-06,49.26,3.04,2.35,50.7,97.98,0.878
2026-06-05 22:00,CRANE-06,52.85,2.11,2.56,44.0,109.66,0.878
2026-06-05 23:00,CRANE-06,48.02,1.64,2.17,39.9,105.03,0.878
2026-06-06 00:00,CRANE-06,45.61,1.97,2.44,43.9,96.9,0.879
2026-06-06 01:00,CRANE-06,43.42,2.34,2.87,46.4,102.17,0.879
2026-06-06 02:00,CRANE-06,46.36,2.36,2.13,47.4,107.34,0.879
2026-06-06 03:00,CRANE-06,49.31,2.31,2.26,43.3,116.55,0.879
2026-06-06 04:00,CRANE-06,46.58,2.64,2.85,43.4,83.18,0.88
2026-06-06 05:00,CRANE-06,52.49,3.37,2.6,43.8,97.29,0.88
